mode: atomic
github.com/mdshabbir-ali/code-runtime/internal/api/handlers/auth.go:30.105,32.2 1 0
github.com/mdshabbir-ali/code-runtime/internal/api/handlers/auth.go:35.53,37.47 2 0
github.com/mdshabbir-ali/code-runtime/internal/api/handlers/auth.go:37.47,40.3 2 0
github.com/mdshabbir-ali/code-runtime/internal/api/handlers/auth.go:42.2,46.16 4 0
github.com/mdshabbir-ali/code-runtime/internal/api/handlers/auth.go:46.16,50.3 2 0
github.com/mdshabbir-ali/code-runtime/internal/api/handlers/auth.go:52.2,52.20 1 0
github.com/mdshabbir-ali/code-runtime/internal/api/handlers/auth.go:52.20,55.3 2 0
github.com/mdshabbir-ali/code-runtime/internal/api/handlers/auth.go:57.2,57.103 1 0
github.com/mdshabbir-ali/code-runtime/internal/api/handlers/auth.go:57.103,60.3 2 0
github.com/mdshabbir-ali/code-runtime/internal/api/handlers/auth.go:62.2,63.16 2 0
github.com/mdshabbir-ali/code-runtime/internal/api/handlers/auth.go:63.16,67.3 3 0
github.com/mdshabbir-ali/code-runtime/internal/api/handlers/auth.go:69.2,73.4 1 0
github.com/mdshabbir-ali/code-runtime/internal/api/handlers/auth.go:78.54,80.47 2 0
github.com/mdshabbir-ali/code-runtime/internal/api/handlers/auth.go:80.47,83.3 2 0
github.com/mdshabbir-ali/code-runtime/internal/api/handlers/auth.go:85.2,86.9 2 0
github.com/mdshabbir-ali/code-runtime/internal/api/handlers/auth.go:86.9,89.3 2 0
github.com/mdshabbir-ali/code-runtime/internal/api/handlers/auth.go:91.2,92.9 2 0
github.com/mdshabbir-ali/code-runtime/internal/api/handlers/auth.go:92.9,95.3 2 0
github.com/mdshabbir-ali/code-runtime/internal/api/handlers/auth.go:97.2,98.16 2 0
github.com/mdshabbir-ali/code-runtime/internal/api/handlers/auth.go:98.16,102.3 3 0
github.com/mdshabbir-ali/code-runtime/internal/api/handlers/auth.go:104.2,115.61 4 0
github.com/mdshabbir-ali/code-runtime/internal/api/handlers/auth.go:115.61,119.3 3 0
github.com/mdshabbir-ali/code-runtime/internal/api/handlers/auth.go:121.2,126.4 1 0
github.com/mdshabbir-ali/code-runtime/internal/api/handlers/auth.go:133.74,151.16 6 0
github.com/mdshabbir-ali/code-runtime/internal/api/handlers/auth.go:151.16,153.3 1 0
github.com/mdshabbir-ali/code-runtime/internal/api/handlers/auth.go:155.2,155.45 1 0
github.com/mdshabbir-ali/code-runtime/internal/api/handlers/auth.go:160.64,162.39 2 0
github.com/mdshabbir-ali/code-runtime/internal/api/handlers/auth.go:162.39,164.3 1 0
github.com/mdshabbir-ali/code-runtime/internal/api/handlers/auth.go:165.2,169.8 5 0
github.com/mdshabbir-ali/code-runtime/internal/api/handlers/batch.go:48.59,50.23 2 0
github.com/mdshabbir-ali/code-runtime/internal/api/handlers/batch.go:50.23,52.3 1 0
github.com/mdshabbir-ali/code-runtime/internal/api/handlers/batch.go:53.2,61.3 1 0
github.com/mdshabbir-ali/code-runtime/internal/api/handlers/batch.go:70.52,72.47 2 0
github.com/mdshabbir-ali/code-runtime/internal/api/handlers/batch.go:72.47,75.3 2 0
github.com/mdshabbir-ali/code-runtime/internal/api/handlers/batch.go:76.2,76.43 1 0
github.com/mdshabbir-ali/code-runtime/internal/api/handlers/batch.go:76.43,81.3 2 0
github.com/mdshabbir-ali/code-runtime/internal/api/handlers/batch.go:83.2,86.16 3 0
github.com/mdshabbir-ali/code-runtime/internal/api/handlers/batch.go:86.16,88.3 1 0
github.com/mdshabbir-ali/code-runtime/internal/api/handlers/batch.go:90.2,100.16 3 0
github.com/mdshabbir-ali/code-runtime/internal/api/handlers/batch.go:100.16,103.3 2 0
github.com/mdshabbir-ali/code-runtime/internal/api/handlers/batch.go:106.2,106.76 1 0
github.com/mdshabbir-ali/code-runtime/internal/api/handlers/batch.go:106.76,110.3 3 0
github.com/mdshabbir-ali/code-runtime/internal/api/handlers/batch.go:112.2,118.4 2 0
github.com/mdshabbir-ali/code-runtime/internal/api/handlers/batch.go:125.51,127.42 2 0
github.com/mdshabbir-ali/code-runtime/internal/api/handlers/batch.go:127.42,130.3 2 0
github.com/mdshabbir-ali/code-runtime/internal/api/handlers/batch.go:133.2,133.72 1 0
github.com/mdshabbir-ali/code-runtime/internal/api/handlers/batch.go:133.72,134.43 1 0
github.com/mdshabbir-ali/code-runtime/internal/api/handlers/batch.go:134.43,137.4 2 0
github.com/mdshabbir-ali/code-runtime/internal/api/handlers/batch.go:138.3,140.9 3 0
github.com/mdshabbir-ali/code-runtime/internal/api/handlers/batch.go:143.2,143.58 1 0
github.com/mdshabbir-ali/code-runtime/internal/api/handlers/batch.go:144.18,145.93 1 0
github.com/mdshabbir-ali/code-runtime/internal/api/handlers/batch.go:146.47,148.76 1 0
github.com/mdshabbir-ali/code-runtime/internal/api/handlers/batch.go:149.10,151.82 2 0
github.com/mdshabbir-ali/code-runtime/internal/api/handlers/batch.go:158.83,159.14 1 0
github.com/mdshabbir-ali/code-runtime/internal/api/handlers/batch.go:159.14,161.3 1 0
github.com/mdshabbir-ali/code-runtime/internal/api/handlers/batch.go:162.2,163.16 2 0
github.com/mdshabbir-ali/code-runtime/internal/api/handlers/batch.go:163.16,164.43 1 0
github.com/mdshabbir-ali/code-runtime/internal/api/handlers/batch.go:164.43,166.4 1 0
github.com/mdshabbir-ali/code-runtime/internal/api/handlers/batch.go:166.9,169.4 2 0
github.com/mdshabbir-ali/code-runtime/internal/api/handlers/batch.go:170.3,170.18 1 0
github.com/mdshabbir-ali/code-runtime/internal/api/handlers/batch.go:172.2,173.18 2 0
github.com/mdshabbir-ali/code-runtime/internal/api/handlers/batch.go:180.117,183.22 3 0
github.com/mdshabbir-ali/code-runtime/internal/api/handlers/batch.go:183.22,185.17 2 0
github.com/mdshabbir-ali/code-runtime/internal/api/handlers/batch.go:185.17,187.4 1 0
github.com/mdshabbir-ali/code-runtime/internal/api/handlers/batch.go:188.3,191.37 4 0
github.com/mdshabbir-ali/code-runtime/internal/api/handlers/batch.go:193.2,193.26 1 0
github.com/mdshabbir-ali/code-runtime/internal/api/handlers/batch.go:198.49,200.42 2 0
github.com/mdshabbir-ali/code-runtime/internal/api/handlers/batch.go:200.42,203.3 2 0
github.com/mdshabbir-ali/code-runtime/internal/api/handlers/batch.go:205.2,207.16 3 0
github.com/mdshabbir-ali/code-runtime/internal/api/handlers/batch.go:207.16,208.43 1 0
github.com/mdshabbir-ali/code-runtime/internal/api/handlers/batch.go:208.43,211.4 2 0
github.com/mdshabbir-ali/code-runtime/internal/api/handlers/batch.go:212.3,214.9 3 0
github.com/mdshabbir-ali/code-runtime/internal/api/handlers/batch.go:217.2,218.16 2 0
github.com/mdshabbir-ali/code-runtime/internal/api/handlers/batch.go:218.16,222.3 3 0
github.com/mdshabbir-ali/code-runtime/internal/api/handlers/batch.go:224.2,224.60 1 0
github.com/mdshabbir-ali/code-runtime/internal/api/handlers/batch.go:229.57,231.42 2 0
github.com/mdshabbir-ali/code-runtime/internal/api/handlers/batch.go:231.42,234.3 2 0
github.com/mdshabbir-ali/code-runtime/internal/api/handlers/batch.go:236.2,237.9 2 0
github.com/mdshabbir-ali/code-runtime/internal/api/handlers/batch.go:238.18,239.91 1 0
github.com/mdshabbir-ali/code-runtime/internal/api/handlers/batch.go:240.44,241.79 1 0
github.com/mdshabbir-ali/code-runtime/internal/api/handlers/batch.go:242.44,243.65 1 0
github.com/mdshabbir-ali/code-runtime/internal/api/handlers/batch.go:244.10,250.5 2 0
github.com/mdshabbir-ali/code-runtime/internal/api/handlers/batch.go:255.42,257.9 2 0
github.com/mdshabbir-ali/code-runtime/internal/api/handlers/batch.go:257.9,259.3 1 0
github.com/mdshabbir-ali/code-runtime/internal/api/handlers/batch.go:260.2,260.29 1 0
github.com/mdshabbir-ali/code-runtime/internal/api/handlers/batch.go:260.29,262.3 1 0
github.com/mdshabbir-ali/code-runtime/internal/api/handlers/batch.go:263.2,263.12 1 0
github.com/mdshabbir-ali/code-runtime/internal/api/handlers/language.go:27.20,29.2 1 0
github.com/mdshabbir-ali/code-runtime/internal/api/handlers/language.go:33.56,36.16 2 0
github.com/mdshabbir-ali/code-runtime/internal/api/handlers/language.go:36.16,38.3 1 0
github.com/mdshabbir-ali/code-runtime/internal/api/handlers/language.go:39.2,39.18 1 0
github.com/mdshabbir-ali/code-runtime/internal/api/handlers/language.go:39.18,42.3 2 0
github.com/mdshabbir-ali/code-runtime/internal/api/handlers/language.go:45.2,46.16 2 0
github.com/mdshabbir-ali/code-runtime/internal/api/handlers/language.go:46.16,50.3 3 0
github.com/mdshabbir-ali/code-runtime/internal/api/handlers/language.go:53.2,53.12 1 0
github.com/mdshabbir-ali/code-runtime/internal/api/handlers/language.go:53.12,54.82 1 0
github.com/mdshabbir-ali/code-runtime/internal/api/handlers/language.go:54.82,56.4 1 0
github.com/mdshabbir-ali/code-runtime/internal/api/handlers/language.go:59.2,59.51 1 0
github.com/mdshabbir-ali/code-runtime/internal/api/handlers/language.go:63.55,66.26 3 0
github.com/mdshabbir-ali/code-runtime/internal/api/handlers/language.go:66.26,69.3 2 0
github.com/mdshabbir-ali/code-runtime/internal/api/handlers/language.go:72.2,73.16 2 0
github.com/mdshabbir-ali/code-runtime/internal/api/handlers/language.go:73.16,75.3 1 0
github.com/mdshabbir-ali/code-runtime/internal/api/handlers/language.go:76.2,76.17 1 0
github.com/mdshabbir-ali/code-runtime/internal/api/handlers/language.go:76.17,79.3 2 0
github.com/mdshabbir-ali/code-runtime/internal/api/handlers/language.go:82.2,83.16 2 0
github.com/mdshabbir-ali/code-runtime/internal/api/handlers/language.go:83.16,86.3 2 0
github.com/mdshabbir-ali/code-runtime/internal/api/handlers/language.go:88.2,88.12 1 0
github.com/mdshabbir-ali/code-runtime/internal/api/handlers/language.go:88.12,89.78 1 0
github.com/mdshabbir-ali/code-runtime/internal/api/handlers/language.go:89.78,91.4 1 0
github.com/mdshabbir-ali/code-runtime/internal/api/handlers/language.go:94.2,94.49 1 0
github.com/mdshabbir-ali/code-runtime/internal/api/handlers/language.go:98.69,111.2 1 0
github.com/mdshabbir-ali/code-runtime/internal/api/handlers/language.go:114.78,116.23 2 0
github.com/mdshabbir-ali/code-runtime/internal/api/handlers/language.go:116.23,118.3 1 0
github.com/mdshabbir-ali/code-runtime/internal/api/handlers/language.go:119.2,119.12 1 0
github.com/mdshabbir-ali/code-runtime/internal/api/handlers/status.go:24.93,26.2 1 0
github.com/mdshabbir-ali/code-runtime/internal/api/handlers/status.go:29.53,31.50 2 0
github.com/mdshabbir-ali/code-runtime/internal/api/handlers/status.go:31.50,36.3 1 0
github.com/mdshabbir-ali/code-runtime/internal/api/handlers/status.go:38.2,38.39 1 0
github.com/mdshabbir-ali/code-runtime/internal/api/handlers/status.go:38.39,39.42 1 0
github.com/mdshabbir-ali/code-runtime/internal/api/handlers/status.go:39.42,40.39 1 0
github.com/mdshabbir-ali/code-runtime/internal/api/handlers/status.go:40.39,42.5 1 0
github.com/mdshabbir-ali/code-runtime/internal/api/handlers/status.go:45.2,45.33 1 0
github.com/mdshabbir-ali/code-runtime/internal/api/handlers/status.go:49.53,56.39 5 0
github.com/mdshabbir-ali/code-runtime/internal/api/handlers/status.go:56.39,60.3 3 0
github.com/mdshabbir-ali/code-runtime/internal/api/handlers/status.go:60.8,62.3 1 0
github.com/mdshabbir-ali/code-runtime/internal/api/handlers/status.go:64.2,64.42 1 0
github.com/mdshabbir-ali/code-runtime/internal/api/handlers/status.go:64.42,68.3 3 0
github.com/mdshabbir-ali/code-runtime/internal/api/handlers/status.go:68.8,70.3 1 0
github.com/mdshabbir-ali/code-runtime/internal/api/handlers/status.go:72.2,73.21 2 0
github.com/mdshabbir-ali/code-runtime/internal/api/handlers/status.go:73.21,75.3 1 0
github.com/mdshabbir-ali/code-runtime/internal/api/handlers/status.go:77.2,80.4 1 0
github.com/mdshabbir-ali/code-runtime/internal/api/handlers/status.go:85.56,89.39 3 0
github.com/mdshabbir-ali/code-runtime/internal/api/handlers/status.go:89.39,96.3 3 0
github.com/mdshabbir-ali/code-runtime/internal/api/handlers/status.go:98.2,98.42 1 0
github.com/mdshabbir-ali/code-runtime/internal/api/handlers/status.go:98.42,105.3 3 0
github.com/mdshabbir-ali/code-runtime/internal/api/handlers/status.go:107.2,107.45 1 0
github.com/mdshabbir-ali/code-runtime/internal/api/handlers/submission.go:52.22,62.2 1 0
github.com/mdshabbir-ali/code-runtime/internal/api/handlers/submission.go:65.62,67.47 2 0
github.com/mdshabbir-ali/code-runtime/internal/api/handlers/submission.go:67.47,70.3 2 0
github.com/mdshabbir-ali/code-runtime/internal/api/handlers/submission.go:73.2,73.47 1 0
github.com/mdshabbir-ali/code-runtime/internal/api/handlers/submission.go:73.47,74.55 1 0
github.com/mdshabbir-ali/code-runtime/internal/api/handlers/submission.go:74.55,76.4 1 0
github.com/mdshabbir-ali/code-runtime/internal/api/handlers/submission.go:79.2,80.16 2 0
github.com/mdshabbir-ali/code-runtime/internal/api/handlers/submission.go:80.16,83.3 2 0
github.com/mdshabbir-ali/code-runtime/internal/api/handlers/submission.go:85.2,85.74 1 0
github.com/mdshabbir-ali/code-runtime/internal/api/handlers/submission.go:85.74,89.3 3 0
github.com/mdshabbir-ali/code-runtime/internal/api/handlers/submission.go:91.2,94.14 3 0
github.com/mdshabbir-ali/code-runtime/internal/api/handlers/submission.go:94.14,98.3 3 0
github.com/mdshabbir-ali/code-runtime/internal/api/handlers/submission.go:100.2,100.55 1 0
github.com/mdshabbir-ali/code-runtime/internal/api/handlers/submission.go:107.3,109.16 2 0
github.com/mdshabbir-ali/code-runtime/internal/api/handlers/submission.go:109.16,111.3 1 0
github.com/mdshabbir-ali/code-runtime/internal/api/handlers/submission.go:112.2,113.16 2 0
github.com/mdshabbir-ali/code-runtime/internal/api/handlers/submission.go:113.16,115.3 1 0
github.com/mdshabbir-ali/code-runtime/internal/api/handlers/submission.go:116.2,117.16 2 0
github.com/mdshabbir-ali/code-runtime/internal/api/handlers/submission.go:117.16,119.3 1 0
github.com/mdshabbir-ali/code-runtime/internal/api/handlers/submission.go:121.2,130.17 3 0
github.com/mdshabbir-ali/code-runtime/internal/api/handlers/submission.go:130.17,132.3 1 0
github.com/mdshabbir-ali/code-runtime/internal/api/handlers/submission.go:133.2,135.36 2 0
github.com/mdshabbir-ali/code-runtime/internal/api/handlers/submission.go:139.89,140.112 1 0
github.com/mdshabbir-ali/code-runtime/internal/api/handlers/submission.go:140.112,142.3 1 0
github.com/mdshabbir-ali/code-runtime/internal/api/handlers/submission.go:156.9,161.87 4 0
github.com/mdshabbir-ali/code-runtime/internal/api/handlers/submission.go:161.87,163.3 1 0
github.com/mdshabbir-ali/code-runtime/internal/api/handlers/submission.go:165.2,165.47 1 0
github.com/mdshabbir-ali/code-runtime/internal/api/handlers/submission.go:165.47,169.3 2 0
github.com/mdshabbir-ali/code-runtime/internal/api/handlers/submission.go:170.2,170.12 1 0
github.com/mdshabbir-ali/code-runtime/internal/api/handlers/submission.go:174.67,176.22 2 0
github.com/mdshabbir-ali/code-runtime/internal/api/handlers/submission.go:176.22,178.3 1 0
github.com/mdshabbir-ali/code-runtime/internal/api/handlers/submission.go:179.2,180.24 2 0
github.com/mdshabbir-ali/code-runtime/internal/api/handlers/submission.go:180.24,182.3 1 0
github.com/mdshabbir-ali/code-runtime/internal/api/handlers/submission.go:183.2,201.3 1 0
github.com/mdshabbir-ali/code-runtime/internal/api/handlers/submission.go:211.30,217.16 4 0
github.com/mdshabbir-ali/code-runtime/internal/api/handlers/submission.go:217.16,219.3 1 0
github.com/mdshabbir-ali/code-runtime/internal/api/handlers/submission.go:221.2,221.22 1 0
github.com/mdshabbir-ali/code-runtime/internal/api/handlers/submission.go:221.22,225.3 3 0
github.com/mdshabbir-ali/code-runtime/internal/api/handlers/submission.go:228.2,229.14 2 0
github.com/mdshabbir-ali/code-runtime/internal/api/handlers/submission.go:233.59,235.48 2 0
github.com/mdshabbir-ali/code-runtime/internal/api/handlers/submission.go:235.48,238.3 2 0
github.com/mdshabbir-ali/code-runtime/internal/api/handlers/submission.go:240.2,240.54 1 0
github.com/mdshabbir-ali/code-runtime/internal/api/handlers/submission.go:240.54,243.3 2 0
github.com/mdshabbir-ali/code-runtime/internal/api/handlers/submission.go:245.2,246.16 2 0
github.com/mdshabbir-ali/code-runtime/internal/api/handlers/submission.go:246.16,249.3 2 0
github.com/mdshabbir-ali/code-runtime/internal/api/handlers/submission.go:251.2,253.29 3 0
github.com/mdshabbir-ali/code-runtime/internal/api/handlers/submission.go:260.65,262.16 2 0
github.com/mdshabbir-ali/code-runtime/internal/api/handlers/submission.go:262.16,265.3 2 0
github.com/mdshabbir-ali/code-runtime/internal/api/handlers/submission.go:267.2,268.31 2 0
github.com/mdshabbir-ali/code-runtime/internal/api/handlers/submission.go:268.31,269.52 1 0
github.com/mdshabbir-ali/code-runtime/internal/api/handlers/submission.go:269.52,271.12 2 0
github.com/mdshabbir-ali/code-runtime/internal/api/handlers/submission.go:273.3,274.17 2 0
github.com/mdshabbir-ali/code-runtime/internal/api/handlers/submission.go:274.17,276.12 2 0
github.com/mdshabbir-ali/code-runtime/internal/api/handlers/submission.go:278.3,280.38 3 0
github.com/mdshabbir-ali/code-runtime/internal/api/handlers/submission.go:283.2,283.25 1 0
github.com/mdshabbir-ali/code-runtime/internal/api/handlers/submission.go:283.25,286.3 2 0
github.com/mdshabbir-ali/code-runtime/internal/api/handlers/submission.go:287.2,287.34 1 0
github.com/mdshabbir-ali/code-runtime/internal/api/handlers/submission.go:292.51,295.26 3 8
github.com/mdshabbir-ali/code-runtime/internal/api/handlers/submission.go:295.26,297.14 2 37
github.com/mdshabbir-ali/code-runtime/internal/api/handlers/submission.go:297.14,298.12 1 7
github.com/mdshabbir-ali/code-runtime/internal/api/handlers/submission.go:300.3,300.42 1 30
github.com/mdshabbir-ali/code-runtime/internal/api/handlers/submission.go:300.42,302.4 1 1
github.com/mdshabbir-ali/code-runtime/internal/api/handlers/submission.go:303.3,303.29 1 29
github.com/mdshabbir-ali/code-runtime/internal/api/handlers/submission.go:305.2,305.22 1 7
github.com/mdshabbir-ali/code-runtime/internal/api/handlers/submission.go:305.22,307.3 1 2
github.com/mdshabbir-ali/code-runtime/internal/api/handlers/submission.go:308.2,308.39 1 5
github.com/mdshabbir-ali/code-runtime/internal/api/handlers/submission.go:308.39,310.3 1 1
github.com/mdshabbir-ali/code-runtime/internal/api/handlers/submission.go:311.2,311.20 1 4
github.com/mdshabbir-ali/code-runtime/internal/api/handlers/submission.go:315.99,317.16 2 0
github.com/mdshabbir-ali/code-runtime/internal/api/handlers/submission.go:317.16,321.3 3 0
github.com/mdshabbir-ali/code-runtime/internal/api/handlers/submission.go:322.2,322.19 1 0
github.com/mdshabbir-ali/code-runtime/internal/api/handlers/submission.go:322.19,325.3 2 0
github.com/mdshabbir-ali/code-runtime/internal/api/handlers/submission.go:326.2,327.12 2 0
github.com/mdshabbir-ali/code-runtime/internal/api/handlers/submission.go:331.68,333.47 2 0
github.com/mdshabbir-ali/code-runtime/internal/api/handlers/submission.go:333.47,336.3 2 0
github.com/mdshabbir-ali/code-runtime/internal/api/handlers/submission.go:338.2,338.31 1 0
github.com/mdshabbir-ali/code-runtime/internal/api/handlers/submission.go:338.31,341.3 2 0
github.com/mdshabbir-ali/code-runtime/internal/api/handlers/submission.go:343.2,344.16 2 0
github.com/mdshabbir-ali/code-runtime/internal/api/handlers/submission.go:344.16,347.3 2 0
github.com/mdshabbir-ali/code-runtime/internal/api/handlers/submission.go:349.2,350.76 2 0
github.com/mdshabbir-ali/code-runtime/internal/api/handlers/submission.go:354.109,357.22 2 0
github.com/mdshabbir-ali/code-runtime/internal/api/handlers/submission.go:357.22,359.17 2 0
github.com/mdshabbir-ali/code-runtime/internal/api/handlers/submission.go:359.17,361.4 1 0
github.com/mdshabbir-ali/code-runtime/internal/api/handlers/submission.go:362.3,362.75 1 0
github.com/mdshabbir-ali/code-runtime/internal/api/handlers/submission.go:362.75,365.4 2 0
github.com/mdshabbir-ali/code-runtime/internal/api/handlers/submission.go:366.3,367.37 2 0
github.com/mdshabbir-ali/code-runtime/internal/api/handlers/submission.go:370.2,370.20 1 0
github.com/mdshabbir-ali/code-runtime/internal/api/handlers/submission.go:374.61,378.16 3 0
github.com/mdshabbir-ali/code-runtime/internal/api/handlers/submission.go:378.16,382.3 3 0
github.com/mdshabbir-ali/code-runtime/internal/api/handlers/submission.go:384.2,385.25 2 0
github.com/mdshabbir-ali/code-runtime/internal/api/handlers/submission.go:385.25,387.3 1 0
github.com/mdshabbir-ali/code-runtime/internal/api/handlers/submission.go:389.2,394.4 1 0
github.com/mdshabbir-ali/code-runtime/internal/api/handlers/submission.go:398.62,400.48 2 0
github.com/mdshabbir-ali/code-runtime/internal/api/handlers/submission.go:400.48,403.3 2 0
github.com/mdshabbir-ali/code-runtime/internal/api/handlers/submission.go:405.2,405.79 1 0
github.com/mdshabbir-ali/code-runtime/internal/api/handlers/submission.go:405.79,408.3 2 0
github.com/mdshabbir-ali/code-runtime/internal/api/handlers/submission.go:410.2,411.32 2 0
github.com/mdshabbir-ali/code-runtime/internal/api/handlers/submission.go:417.58,420.14 3 0
github.com/mdshabbir-ali/code-runtime/internal/api/handlers/submission.go:420.14,422.3 1 0
github.com/mdshabbir-ali/code-runtime/internal/api/handlers/submission.go:423.2,423.41 1 0
github.com/mdshabbir-ali/code-runtime/internal/api/handlers/submission.go:423.41,425.3 1 0
github.com/mdshabbir-ali/code-runtime/internal/api/handlers/submission.go:426.2,426.22 1 0
github.com/mdshabbir-ali/code-runtime/internal/api/handlers/submission.go:431.47,432.13 1 0
github.com/mdshabbir-ali/code-runtime/internal/api/handlers/submission.go:432.13,434.3 1 0
github.com/mdshabbir-ali/code-runtime/internal/api/handlers/submission.go:435.2,441.4 2 0
github.com/mdshabbir-ali/code-runtime/internal/api/handlers/submission.go:441.4,442.60 1 0
github.com/mdshabbir-ali/code-runtime/internal/api/handlers/submission.go:442.60,444.4 1 0
github.com/mdshabbir-ali/code-runtime/internal/api/handlers/submission.go:446.2,446.15 1 0
github.com/mdshabbir-ali/code-runtime/internal/api/handlers/webhook.go:24.97,26.2 1 0
github.com/mdshabbir-ali/code-runtime/internal/api/handlers/webhook.go:31.58,33.47 2 0
github.com/mdshabbir-ali/code-runtime/internal/api/handlers/webhook.go:33.47,36.3 2 0
github.com/mdshabbir-ali/code-runtime/internal/api/handlers/webhook.go:38.2,39.18 2 0
github.com/mdshabbir-ali/code-runtime/internal/api/handlers/webhook.go:39.18,41.17 2 0
github.com/mdshabbir-ali/code-runtime/internal/api/handlers/webhook.go:41.17,45.4 3 0
github.com/mdshabbir-ali/code-runtime/internal/api/handlers/webhook.go:46.3,46.21 1 0
github.com/mdshabbir-ali/code-runtime/internal/api/handlers/webhook.go:49.2,58.72 2 0
github.com/mdshabbir-ali/code-runtime/internal/api/handlers/webhook.go:58.72,62.3 3 0
github.com/mdshabbir-ali/code-runtime/internal/api/handlers/webhook.go:65.2,65.66 1 0
github.com/mdshabbir-ali/code-runtime/internal/api/handlers/webhook.go:69.55,71.16 2 0
github.com/mdshabbir-ali/code-runtime/internal/api/handlers/webhook.go:71.16,75.3 3 0
github.com/mdshabbir-ali/code-runtime/internal/api/handlers/webhook.go:77.2,78.29 2 0
github.com/mdshabbir-ali/code-runtime/internal/api/handlers/webhook.go:78.29,80.3 1 0
github.com/mdshabbir-ali/code-runtime/internal/api/handlers/webhook.go:81.2,81.53 1 0
github.com/mdshabbir-ali/code-runtime/internal/api/handlers/webhook.go:85.53,87.42 2 0
github.com/mdshabbir-ali/code-runtime/internal/api/handlers/webhook.go:87.42,90.3 2 0
github.com/mdshabbir-ali/code-runtime/internal/api/handlers/webhook.go:92.2,93.16 2 0
github.com/mdshabbir-ali/code-runtime/internal/api/handlers/webhook.go:93.16,94.43 1 0
github.com/mdshabbir-ali/code-runtime/internal/api/handlers/webhook.go:94.43,97.4 2 0
github.com/mdshabbir-ali/code-runtime/internal/api/handlers/webhook.go:98.3,100.9 3 0
github.com/mdshabbir-ali/code-runtime/internal/api/handlers/webhook.go:103.2,103.62 1 0
github.com/mdshabbir-ali/code-runtime/internal/api/handlers/webhook.go:108.43,110.40 2 0
github.com/mdshabbir-ali/code-runtime/internal/api/handlers/webhook.go:110.40,112.3 1 0
github.com/mdshabbir-ali/code-runtime/internal/api/handlers/webhook.go:113.2,113.35 1 0
github.com/mdshabbir-ali/code-runtime/internal/batchproc/starter.go:47.12,49.2 1 0
github.com/mdshabbir-ali/code-runtime/internal/batchproc/starter.go:55.68,57.16 2 0
github.com/mdshabbir-ali/code-runtime/internal/batchproc/starter.go:57.16,59.3 1 0
github.com/mdshabbir-ali/code-runtime/internal/batchproc/starter.go:60.2,60.14 1 0
github.com/mdshabbir-ali/code-runtime/internal/batchproc/starter.go:60.14,64.3 2 0
github.com/mdshabbir-ali/code-runtime/internal/batchproc/starter.go:66.2,67.16 2 0
github.com/mdshabbir-ali/code-runtime/internal/batchproc/starter.go:67.16,70.3 2 0
github.com/mdshabbir-ali/code-runtime/internal/batchproc/starter.go:72.2,73.27 2 0
github.com/mdshabbir-ali/code-runtime/internal/batchproc/starter.go:73.27,78.3 3 0
github.com/mdshabbir-ali/code-runtime/internal/batchproc/starter.go:80.2,80.60 1 0
github.com/mdshabbir-ali/code-runtime/internal/batchproc/starter.go:80.60,85.3 2 0
github.com/mdshabbir-ali/code-runtime/internal/batchproc/starter.go:87.2,89.12 2 0
github.com/mdshabbir-ali/code-runtime/internal/batchproc/starter.go:94.94,97.86 3 0
github.com/mdshabbir-ali/code-runtime/internal/batchproc/starter.go:97.86,99.3 1 0
github.com/mdshabbir-ali/code-runtime/internal/batchproc/starter.go:100.2,100.12 1 0
github.com/mdshabbir-ali/code-runtime/cmd/migrate/main.go:26.13,30.35 3 0
github.com/mdshabbir-ali/code-runtime/cmd/migrate/main.go:30.35,33.3 2 0
github.com/mdshabbir-ali/code-runtime/cmd/migrate/main.go:36.29,37.14 1 0
github.com/mdshabbir-ali/code-runtime/cmd/migrate/main.go:38.32,38.32 0 0
github.com/mdshabbir-ali/code-runtime/cmd/migrate/main.go:40.10,41.75 1 0
github.com/mdshabbir-ali/code-runtime/cmd/migrate/main.go:44.2,45.16 2 0
github.com/mdshabbir-ali/code-runtime/cmd/migrate/main.go:45.16,47.3 1 0
github.com/mdshabbir-ali/code-runtime/cmd/migrate/main.go:48.2,48.15 1 0
github.com/mdshabbir-ali/code-runtime/cmd/migrate/main.go:48.15,48.33 1 0
github.com/mdshabbir-ali/code-runtime/cmd/migrate/main.go:50.2,51.16 2 0
github.com/mdshabbir-ali/code-runtime/cmd/migrate/main.go:51.16,53.3 1 0
github.com/mdshabbir-ali/code-runtime/cmd/migrate/main.go:55.2,56.16 2 0
github.com/mdshabbir-ali/code-runtime/cmd/migrate/main.go:56.16,58.3 1 0
github.com/mdshabbir-ali/code-runtime/cmd/migrate/main.go:59.2,59.15 1 0
github.com/mdshabbir-ali/code-runtime/cmd/migrate/main.go:59.15,59.33 1 0
github.com/mdshabbir-ali/code-runtime/cmd/migrate/main.go:61.2,61.14 1 0
github.com/mdshabbir-ali/code-runtime/cmd/migrate/main.go:62.13,63.53 1 0
github.com/mdshabbir-ali/code-runtime/cmd/migrate/main.go:63.53,65.4 1 0
github.com/mdshabbir-ali/code-runtime/cmd/migrate/main.go:66.3,66.65 1 0
github.com/mdshabbir-ali/code-runtime/cmd/migrate/main.go:67.17,68.52 1 0
github.com/mdshabbir-ali/code-runtime/cmd/migrate/main.go:68.52,70.4 1 0
github.com/mdshabbir-ali/code-runtime/cmd/migrate/main.go:71.3,71.39 1 0
github.com/mdshabbir-ali/code-runtime/cmd/migrate/main.go:72.14,73.51 1 0
github.com/mdshabbir-ali/code-runtime/cmd/migrate/main.go:73.51,75.4 1 0
github.com/mdshabbir-ali/code-runtime/cmd/migrate/main.go:76.3,76.52 1 0
github.com/mdshabbir-ali/code-runtime/cmd/migrate/main.go:76.52,78.4 1 0
github.com/mdshabbir-ali/code-runtime/cmd/migrate/main.go:79.3,79.45 1 0
github.com/mdshabbir-ali/code-runtime/cmd/migrate/main.go:80.10,81.75 1 0
github.com/mdshabbir-ali/code-runtime/cmd/migrate/main.go:84.2,84.12 1 0
github.com/mdshabbir-ali/code-runtime/internal/api/routes/routes.go:39.3,53.46 6 0
github.com/mdshabbir-ali/code-runtime/internal/api/routes/routes.go:53.46,55.3 1 0
github.com/mdshabbir-ali/code-runtime/internal/api/routes/routes.go:58.2,70.2 5 0
github.com/mdshabbir-ali/code-runtime/internal/api/routes/routes.go:70.2,73.3 2 0
github.com/mdshabbir-ali/code-runtime/internal/api/routes/routes.go:77.2,79.2 3 0
github.com/mdshabbir-ali/code-runtime/internal/api/routes/routes.go:79.2,103.3 15 0
github.com/mdshabbir-ali/code-runtime/internal/config/config.go:50.40,52.2 1 0
github.com/mdshabbir-ali/code-runtime/internal/config/config.go:71.38,73.15 2 0
github.com/mdshabbir-ali/code-runtime/internal/config/config.go:73.15,75.3 1 0
github.com/mdshabbir-ali/code-runtime/internal/config/config.go:76.2,79.3 1 0
github.com/mdshabbir-ali/code-runtime/internal/config/config.go:100.36,102.2 1 0
github.com/mdshabbir-ali/code-runtime/internal/config/config.go:246.35,247.27 1 0
github.com/mdshabbir-ali/code-runtime/internal/config/config.go:247.27,249.3 1 0
github.com/mdshabbir-ali/code-runtime/internal/config/config.go:250.2,250.27 1 0
github.com/mdshabbir-ali/code-runtime/internal/config/config.go:250.27,252.3 1 0
github.com/mdshabbir-ali/code-runtime/internal/config/config.go:253.2,253.24 1 0
github.com/mdshabbir-ali/code-runtime/internal/config/config.go:253.24,255.3 1 0
github.com/mdshabbir-ali/code-runtime/internal/config/config.go:256.2,256.49 1 0
github.com/mdshabbir-ali/code-runtime/internal/config/config.go:256.49,258.3 1 0
github.com/mdshabbir-ali/code-runtime/internal/config/config.go:259.2,259.25 1 0
github.com/mdshabbir-ali/code-runtime/internal/config/config.go:259.25,261.3 1 0
github.com/mdshabbir-ali/code-runtime/internal/config/config.go:262.2,262.12 1 0
github.com/mdshabbir-ali/code-runtime/internal/config/config.go:267.53,274.22 3 0
github.com/mdshabbir-ali/code-runtime/internal/config/config.go:274.22,276.42 2 0
github.com/mdshabbir-ali/code-runtime/internal/config/config.go:276.42,279.4 1 0
github.com/mdshabbir-ali/code-runtime/internal/config/config.go:280.8,287.3 6 0
github.com/mdshabbir-ali/code-runtime/internal/config/config.go:290.2,295.42 5 0
github.com/mdshabbir-ali/code-runtime/internal/config/config.go:295.42,297.3 1 0
github.com/mdshabbir-ali/code-runtime/internal/config/config.go:299.2,299.39 1 0
github.com/mdshabbir-ali/code-runtime/internal/config/config.go:299.39,301.3 1 0
github.com/mdshabbir-ali/code-runtime/internal/config/config.go:303.2,303.18 1 0
github.com/mdshabbir-ali/code-runtime/internal/config/config.go:307.34,445.2 108 0
github.com/mdshabbir-ali/code-runtime/internal/config/config.go:450.30,452.2 1 0
github.com/mdshabbir-ali/code-runtime/internal/api/middleware/auth.go:53.98,54.30 1 0
github.com/mdshabbir-ali/code-runtime/internal/api/middleware/auth.go:54.30,58.40 2 0
github.com/mdshabbir-ali/code-runtime/internal/api/middleware/auth.go:58.40,59.39 1 0
github.com/mdshabbir-ali/code-runtime/internal/api/middleware/auth.go:59.39,62.5 2 0
github.com/mdshabbir-ali/code-runtime/internal/api/middleware/auth.go:66.3,66.67 1 0
github.com/mdshabbir-ali/code-runtime/internal/api/middleware/auth.go:66.67,67.48 1 0
github.com/mdshabbir-ali/code-runtime/internal/api/middleware/auth.go:67.48,70.19 3 0
github.com/mdshabbir-ali/code-runtime/internal/api/middleware/auth.go:70.19,76.6 3 0
github.com/mdshabbir-ali/code-runtime/internal/api/middleware/auth.go:77.5,79.11 3 0
github.com/mdshabbir-ali/code-runtime/internal/api/middleware/auth.go:84.3,84.58 1 0
github.com/mdshabbir-ali/code-runtime/internal/api/middleware/auth.go:84.58,90.18 5 0
github.com/mdshabbir-ali/code-runtime/internal/api/middleware/auth.go:90.18,96.5 3 0
github.com/mdshabbir-ali/code-runtime/internal/api/middleware/auth.go:99.4,99.64 1 0
github.com/mdshabbir-ali/code-runtime/internal/api/middleware/auth.go:99.64,104.5 2 0
github.com/mdshabbir-ali/code-runtime/internal/api/middleware/auth.go:107.4,107.14 1 0
github.com/mdshabbir-ali/code-runtime/internal/api/middleware/auth.go:107.14,111.5 3 0
github.com/mdshabbir-ali/code-runtime/internal/api/middleware/auth.go:114.4,114.23 1 0
github.com/mdshabbir-ali/code-runtime/internal/api/middleware/auth.go:114.23,118.5 3 0
github.com/mdshabbir-ali/code-runtime/internal/api/middleware/auth.go:119.4,121.10 3 0
github.com/mdshabbir-ali/code-runtime/internal/api/middleware/auth.go:125.3,127.5 1 0
github.com/mdshabbir-ali/code-runtime/internal/api/middleware/auth.go:132.60,133.97 1 0
github.com/mdshabbir-ali/code-runtime/internal/api/middleware/auth.go:133.97,134.54 1 0
github.com/mdshabbir-ali/code-runtime/internal/api/middleware/auth.go:134.54,136.4 1 0
github.com/mdshabbir-ali/code-runtime/internal/api/middleware/auth.go:137.3,137.29 1 0
github.com/mdshabbir-ali/code-runtime/internal/api/middleware/auth.go:139.2,139.16 1 0
github.com/mdshabbir-ali/code-runtime/internal/api/middleware/auth.go:139.16,141.3 1 0
github.com/mdshabbir-ali/code-runtime/internal/api/middleware/auth.go:142.2,142.18 1 0
github.com/mdshabbir-ali/code-runtime/internal/api/middleware/auth.go:142.18,144.3 1 0
github.com/mdshabbir-ali/code-runtime/internal/api/middleware/auth.go:145.2,146.9 2 0
github.com/mdshabbir-ali/code-runtime/internal/api/middleware/auth.go:146.9,148.3 1 0
github.com/mdshabbir-ali/code-runtime/internal/api/middleware/auth.go:149.2,149.20 1 0
github.com/mdshabbir-ali/code-runtime/internal/api/middleware/auth.go:153.54,157.2 3 0
github.com/mdshabbir-ali/code-runtime/internal/api/middleware/auth.go:160.36,163.2 2 0
github.com/mdshabbir-ali/code-runtime/internal/api/middleware/auth.go:166.36,167.30 1 0
github.com/mdshabbir-ali/code-runtime/internal/api/middleware/auth.go:167.30,169.49 2 0
github.com/mdshabbir-ali/code-runtime/internal/api/middleware/auth.go:169.49,174.4 2 0
github.com/mdshabbir-ali/code-runtime/internal/api/middleware/auth.go:175.3,175.11 1 0
github.com/mdshabbir-ali/code-runtime/internal/api/middleware/logging.go:22.53,23.30 1 0
github.com/mdshabbir-ali/code-runtime/internal/api/middleware/logging.go:23.30,26.18 2 0
github.com/mdshabbir-ali/code-runtime/internal/api/middleware/logging.go:26.18,28.4 1 0
github.com/mdshabbir-ali/code-runtime/internal/api/middleware/logging.go:29.3,39.41 7 0
github.com/mdshabbir-ali/code-runtime/internal/api/middleware/logging.go:39.41,40.37 1 0
github.com/mdshabbir-ali/code-runtime/internal/api/middleware/logging.go:40.37,42.5 1 0
github.com/mdshabbir-ali/code-runtime/internal/api/middleware/logging.go:45.3,58.21 4 0
github.com/mdshabbir-ali/code-runtime/internal/api/middleware/logging.go:58.21,60.4 1 0
github.com/mdshabbir-ali/code-runtime/internal/api/middleware/logging.go:62.3,62.24 1 0
github.com/mdshabbir-ali/code-runtime/internal/api/middleware/logging.go:62.24,64.4 1 0
github.com/mdshabbir-ali/code-runtime/internal/api/middleware/logging.go:66.3,66.10 1 0
github.com/mdshabbir-ali/code-runtime/internal/api/middleware/logging.go:67.26,68.35 1 0
github.com/mdshabbir-ali/code-runtime/internal/api/middleware/logging.go:69.26,70.34 1 0
github.com/mdshabbir-ali/code-runtime/internal/api/middleware/logging.go:71.11,72.34 1 0
github.com/mdshabbir-ali/code-runtime/internal/api/middleware/metrics.go:11.53,12.30 1 0
github.com/mdshabbir-ali/code-runtime/internal/api/middleware/metrics.go:12.30,22.3 6 0
github.com/mdshabbir-ali/code-runtime/internal/api/middleware/rate_limit.go:21.96,22.28 1 0
github.com/mdshabbir-ali/code-runtime/internal/api/middleware/rate_limit.go:22.28,23.31 1 0
github.com/mdshabbir-ali/code-runtime/internal/api/middleware/rate_limit.go:23.31,23.43 1 0
github.com/mdshabbir-ali/code-runtime/internal/api/middleware/rate_limit.go:26.2,32.16 3 0
github.com/mdshabbir-ali/code-runtime/internal/api/middleware/rate_limit.go:32.16,34.31 2 0
github.com/mdshabbir-ali/code-runtime/internal/api/middleware/rate_limit.go:34.31,34.43 1 0
github.com/mdshabbir-ali/code-runtime/internal/api/middleware/rate_limit.go:37.2,39.30 2 0
github.com/mdshabbir-ali/code-runtime/internal/api/middleware/rate_limit.go:39.30,45.17 3 0
github.com/mdshabbir-ali/code-runtime/internal/api/middleware/rate_limit.go:45.17,50.4 3 0
github.com/mdshabbir-ali/code-runtime/internal/api/middleware/rate_limit.go:53.3,58.18 5 0
github.com/mdshabbir-ali/code-runtime/internal/api/middleware/rate_limit.go:58.18,60.22 2 0
github.com/mdshabbir-ali/code-runtime/internal/api/middleware/rate_limit.go:60.22,62.5 1 0
github.com/mdshabbir-ali/code-runtime/internal/api/middleware/rate_limit.go:63.4,68.10 3 0
github.com/mdshabbir-ali/code-runtime/internal/api/middleware/rate_limit.go:71.3,71.11 1 0
github.com/mdshabbir-ali/code-runtime/internal/api/middleware/rate_limit.go:77.42,78.67 1 0
github.com/mdshabbir-ali/code-runtime/internal/api/middleware/rate_limit.go:78.67,80.3 1 0
github.com/mdshabbir-ali/code-runtime/internal/api/middleware/rate_limit.go:81.2,81.46 1 0
github.com/mdshabbir-ali/code-runtime/internal/api/middleware/security.go:14.38,15.30 1 0
github.com/mdshabbir-ali/code-runtime/internal/api/middleware/security.go:15.30,23.74 6 0
github.com/mdshabbir-ali/code-runtime/internal/api/middleware/security.go:23.74,25.4 1 0
github.com/mdshabbir-ali/code-runtime/internal/api/middleware/security.go:27.3,27.11 1 0
github.com/mdshabbir-ali/code-runtime/internal/api/middleware/security.go:32.50,33.30 1 0
github.com/mdshabbir-ali/code-runtime/internal/api/middleware/security.go:33.30,34.41 1 0
github.com/mdshabbir-ali/code-runtime/internal/api/middleware/security.go:34.41,39.4 2 0
github.com/mdshabbir-ali/code-runtime/internal/api/middleware/security.go:40.3,41.11 2 0
github.com/mdshabbir-ali/code-runtime/internal/api/middleware/security.go:47.40,53.30 2 0
github.com/mdshabbir-ali/code-runtime/internal/api/middleware/security.go:53.30,54.36 1 0
github.com/mdshabbir-ali/code-runtime/internal/api/middleware/security.go:54.36,56.50 2 0
github.com/mdshabbir-ali/code-runtime/internal/api/middleware/security.go:56.50,61.5 2 0
github.com/mdshabbir-ali/code-runtime/internal/api/middleware/security.go:63.3,63.11 1 0
github.com/mdshabbir-ali/code-runtime/internal/api/middleware/security.go:68.47,77.2 1 0
github.com/mdshabbir-ali/code-runtime/cmd/worker/main.go:34.65,42.2 1 0
github.com/mdshabbir-ali/code-runtime/cmd/worker/main.go:44.13,45.30 1 0
github.com/mdshabbir-ali/code-runtime/cmd/worker/main.go:45.30,48.3 2 0
github.com/mdshabbir-ali/code-runtime/cmd/worker/main.go:53.18,55.16 2 0
github.com/mdshabbir-ali/code-runtime/cmd/worker/main.go:55.16,57.3 1 0
github.com/mdshabbir-ali/code-runtime/cmd/worker/main.go:59.2,60.16 2 0
github.com/mdshabbir-ali/code-runtime/cmd/worker/main.go:60.16,62.3 1 0
github.com/mdshabbir-ali/code-runtime/cmd/worker/main.go:63.2,72.16 4 0
github.com/mdshabbir-ali/code-runtime/cmd/worker/main.go:72.16,74.3 1 0
github.com/mdshabbir-ali/code-runtime/cmd/worker/main.go:75.2,78.16 3 0
github.com/mdshabbir-ali/code-runtime/cmd/worker/main.go:78.16,80.3 1 0
github.com/mdshabbir-ali/code-runtime/cmd/worker/main.go:81.2,85.44 3 0
github.com/mdshabbir-ali/code-runtime/cmd/worker/main.go:85.44,87.17 2 0
github.com/mdshabbir-ali/code-runtime/cmd/worker/main.go:87.17,89.4 1 0
github.com/mdshabbir-ali/code-runtime/cmd/worker/main.go:90.3,90.28 1 0
github.com/mdshabbir-ali/code-runtime/cmd/worker/main.go:93.2,102.12 5 0
github.com/mdshabbir-ali/code-runtime/cmd/worker/main.go:102.12,104.97 2 0
github.com/mdshabbir-ali/code-runtime/cmd/worker/main.go:104.97,106.4 1 0
github.com/mdshabbir-ali/code-runtime/cmd/worker/main.go:108.2,111.16 3 0
github.com/mdshabbir-ali/code-runtime/cmd/worker/main.go:111.16,113.3 1 0
github.com/mdshabbir-ali/code-runtime/cmd/worker/main.go:114.2,117.16 3 0
github.com/mdshabbir-ali/code-runtime/cmd/worker/main.go:117.16,119.3 1 0
github.com/mdshabbir-ali/code-runtime/cmd/worker/main.go:121.2,142.44 6 0
github.com/mdshabbir-ali/code-runtime/cmd/worker/main.go:142.44,143.56 1 0
github.com/mdshabbir-ali/code-runtime/cmd/worker/main.go:143.56,145.4 1 0
github.com/mdshabbir-ali/code-runtime/cmd/worker/main.go:146.3,147.13 2 0
github.com/mdshabbir-ali/code-runtime/cmd/worker/main.go:150.2,155.40 3 0
github.com/mdshabbir-ali/code-runtime/cmd/worker/main.go:155.40,157.3 1 0
github.com/mdshabbir-ali/code-runtime/cmd/worker/main.go:159.2,160.12 2 0
github.com/mdshabbir-ali/code-runtime/cmd/worker/main.go:166.90,182.82 3 0
github.com/mdshabbir-ali/code-runtime/cmd/worker/main.go:182.82,184.17 2 0
github.com/mdshabbir-ali/code-runtime/cmd/worker/main.go:184.17,186.4 1 0
github.com/mdshabbir-ali/code-runtime/cmd/worker/main.go:187.3,189.18 3 0
github.com/mdshabbir-ali/code-runtime/cmd/worker/main.go:192.2,193.16 2 0
github.com/mdshabbir-ali/code-runtime/cmd/worker/main.go:193.16,195.3 1 0
github.com/mdshabbir-ali/code-runtime/cmd/worker/main.go:198.2,211.66 4 0
github.com/mdshabbir-ali/code-runtime/cmd/worker/main.go:211.66,213.97 1 0
github.com/mdshabbir-ali/code-runtime/cmd/worker/main.go:213.97,215.4 1 0
github.com/mdshabbir-ali/code-runtime/cmd/worker/main.go:216.3,216.13 1 0
github.com/mdshabbir-ali/code-runtime/cmd/worker/main.go:218.2,230.12 5 0
github.com/mdshabbir-ali/code-runtime/cmd/worker/main.go:230.12,230.73 2 0
github.com/mdshabbir-ali/code-runtime/cmd/worker/main.go:231.2,231.12 1 0
github.com/mdshabbir-ali/code-runtime/cmd/worker/main.go:231.12,231.61 2 0
github.com/mdshabbir-ali/code-runtime/cmd/worker/main.go:232.2,233.12 2 0
github.com/mdshabbir-ali/code-runtime/cmd/worker/main.go:238.82,240.16 2 0
github.com/mdshabbir-ali/code-runtime/cmd/worker/main.go:240.16,242.3 1 0
github.com/mdshabbir-ali/code-runtime/cmd/worker/main.go:243.2,243.44 1 0
github.com/mdshabbir-ali/code-runtime/cmd/worker/main.go:243.44,246.3 2 0
github.com/mdshabbir-ali/code-runtime/cmd/worker/main.go:247.2,247.16 1 0
github.com/mdshabbir-ali/code-runtime/cmd/worker/main.go:250.51,251.35 1 0
github.com/mdshabbir-ali/code-runtime/cmd/worker/main.go:251.35,253.3 1 0
github.com/mdshabbir-ali/code-runtime/cmd/worker/main.go:256.126,258.16 2 0
github.com/mdshabbir-ali/code-runtime/cmd/worker/main.go:258.16,260.3 1 0
github.com/mdshabbir-ali/code-runtime/cmd/worker/main.go:261.2,261.101 1 0
github.com/mdshabbir-ali/code-runtime/cmd/worker/main.go:264.54,265.34 1 0
github.com/mdshabbir-ali/code-runtime/cmd/worker/main.go:265.34,267.3 1 0
github.com/mdshabbir-ali/code-runtime/cmd/worker/main.go:270.33,273.2 2 0
github.com/mdshabbir-ali/code-runtime/cmd/worker/main.go:275.111,277.19 2 0
github.com/mdshabbir-ali/code-runtime/cmd/worker/main.go:277.19,279.3 1 0
github.com/mdshabbir-ali/code-runtime/cmd/worker/main.go:281.2,294.16 3 0
github.com/mdshabbir-ali/code-runtime/cmd/worker/main.go:294.16,296.3 1 0
github.com/mdshabbir-ali/code-runtime/cmd/worker/main.go:297.2,299.56 2 0
github.com/mdshabbir-ali/code-runtime/cmd/worker/main.go:307.29,314.46 5 0
github.com/mdshabbir-ali/code-runtime/cmd/worker/main.go:314.46,317.3 1 0
github.com/mdshabbir-ali/code-runtime/cmd/worker/main.go:318.2,318.17 1 0
github.com/mdshabbir-ali/code-runtime/cmd/worker/main.go:321.89,323.22 2 0
github.com/mdshabbir-ali/code-runtime/cmd/worker/main.go:323.22,325.3 1 0
github.com/mdshabbir-ali/code-runtime/cmd/worker/main.go:327.2,331.68 4 0
github.com/mdshabbir-ali/code-runtime/cmd/worker/main.go:331.68,333.3 1 0
github.com/mdshabbir-ali/code-runtime/cmd/worker/main.go:338.52,339.21 1 0
github.com/mdshabbir-ali/code-runtime/cmd/worker/main.go:339.21,341.3 1 0
github.com/mdshabbir-ali/code-runtime/cmd/worker/main.go:342.2,342.28 1 0
github.com/mdshabbir-ali/code-runtime/cmd/worker/main.go:345.78,352.59 1 0
github.com/mdshabbir-ali/code-runtime/cmd/worker/main.go:352.59,353.18 1 0
github.com/mdshabbir-ali/code-runtime/cmd/worker/main.go:353.18,355.5 1 0
github.com/mdshabbir-ali/code-runtime/cmd/worker/main.go:357.45,359.4 1 0
github.com/mdshabbir-ali/code-runtime/cmd/worker/main.go:360.41,362.4 1 0
github.com/mdshabbir-ali/code-runtime/cmd/worker/main.go:365.2,366.16 2 0
github.com/mdshabbir-ali/code-runtime/cmd/worker/main.go:366.16,368.3 1 0
github.com/mdshabbir-ali/code-runtime/cmd/worker/main.go:369.2,370.18 2 0
github.com/mdshabbir-ali/code-runtime/cmd/worker/main.go:373.38,381.2 1 0
github.com/mdshabbir-ali/code-runtime/internal/api/server.go:38.11,40.25 1 0
github.com/mdshabbir-ali/code-runtime/internal/api/server.go:41.15,42.29 1 0
github.com/mdshabbir-ali/code-runtime/internal/api/server.go:43.14,44.28 1 0
github.com/mdshabbir-ali/code-runtime/internal/api/server.go:45.10,46.31 1 0
github.com/mdshabbir-ali/code-runtime/internal/api/server.go:49.2,62.40 8 0
github.com/mdshabbir-ali/code-runtime/internal/api/server.go:62.40,64.3 1 0
github.com/mdshabbir-ali/code-runtime/internal/api/server.go:67.2,82.3 3 0
github.com/mdshabbir-ali/code-runtime/internal/api/server.go:88.32,91.95 2 0
github.com/mdshabbir-ali/code-runtime/internal/api/server.go:91.95,93.3 1 0
github.com/mdshabbir-ali/code-runtime/internal/api/server.go:94.2,94.12 1 0
github.com/mdshabbir-ali/code-runtime/internal/api/server.go:98.50,100.51 2 0
github.com/mdshabbir-ali/code-runtime/internal/api/server.go:100.51,102.3 1 0
github.com/mdshabbir-ali/code-runtime/internal/api/server.go:103.2,104.12 2 0
github.com/mdshabbir-ali/code-runtime/internal/cache/cache.go:22.70,33.2 3 0
github.com/mdshabbir-ali/code-runtime/internal/cache/cache.go:42.33,44.2 1 0
github.com/mdshabbir-ali/code-runtime/internal/cache/cache.go:52.48,54.2 1 0
github.com/mdshabbir-ali/code-runtime/internal/cache/cache.go:57.86,58.76 1 0
github.com/mdshabbir-ali/code-runtime/internal/cache/cache.go:58.76,60.3 1 0
github.com/mdshabbir-ali/code-runtime/internal/cache/cache.go:61.2,61.12 1 0
github.com/mdshabbir-ali/code-runtime/internal/cache/cache.go:65.82,67.64 2 0
github.com/mdshabbir-ali/code-runtime/internal/cache/cache.go:67.64,68.23 1 0
github.com/mdshabbir-ali/code-runtime/internal/cache/cache.go:68.23,70.4 1 0
github.com/mdshabbir-ali/code-runtime/internal/cache/cache.go:71.3,71.58 1 0
github.com/mdshabbir-ali/code-runtime/internal/cache/cache.go:73.2,73.19 1 0
github.com/mdshabbir-ali/code-runtime/internal/cache/cache.go:77.80,78.83 1 0
github.com/mdshabbir-ali/code-runtime/internal/cache/cache.go:78.83,80.3 1 0
github.com/mdshabbir-ali/code-runtime/internal/cache/cache.go:81.2,81.12 1 0
github.com/mdshabbir-ali/code-runtime/internal/cache/cache.go:85.89,87.66 2 0
github.com/mdshabbir-ali/code-runtime/internal/cache/cache.go:87.66,88.23 1 0
github.com/mdshabbir-ali/code-runtime/internal/cache/cache.go:88.23,90.4 1 0
github.com/mdshabbir-ali/code-runtime/internal/cache/cache.go:91.3,91.66 1 0
github.com/mdshabbir-ali/code-runtime/internal/cache/cache.go:93.2,93.19 1 0
github.com/mdshabbir-ali/code-runtime/internal/cache/cache.go:97.72,101.2 3 0
github.com/mdshabbir-ali/code-runtime/internal/cache/rate_limiter.go:27.44,29.2 1 0
github.com/mdshabbir-ali/code-runtime/internal/cache/rate_limiter.go:44.115,70.72 11 0
github.com/mdshabbir-ali/code-runtime/internal/cache/rate_limiter.go:70.72,72.3 1 0
github.com/mdshabbir-ali/code-runtime/internal/cache/rate_limiter.go:74.2,76.19 3 0
github.com/mdshabbir-ali/code-runtime/internal/cache/rate_limiter.go:76.19,78.3 1 0
github.com/mdshabbir-ali/code-runtime/internal/cache/rate_limiter.go:80.2,81.32 2 0
github.com/mdshabbir-ali/code-runtime/internal/cache/rate_limiter.go:86.121,95.16 4 0
github.com/mdshabbir-ali/code-runtime/internal/cache/rate_limiter.go:95.16,96.32 1 0
github.com/mdshabbir-ali/code-runtime/internal/cache/rate_limiter.go:96.32,98.4 1 0
github.com/mdshabbir-ali/code-runtime/internal/cache/rate_limiter.go:99.3,99.73 1 0
github.com/mdshabbir-ali/code-runtime/internal/cache/rate_limiter.go:102.2,103.19 2 0
github.com/mdshabbir-ali/code-runtime/internal/cache/rate_limiter.go:103.19,105.3 1 0
github.com/mdshabbir-ali/code-runtime/internal/cache/rate_limiter.go:106.2,106.23 1 0
github.com/mdshabbir-ali/code-runtime/internal/cache/rate_limiter.go:111.69,112.81 1 0
github.com/mdshabbir-ali/code-runtime/internal/cache/rate_limiter.go:112.81,114.3 1 0
github.com/mdshabbir-ali/code-runtime/internal/cache/rate_limiter.go:115.2,115.12 1 0
github.com/mdshabbir-ali/code-runtime/internal/cache/rate_limiter.go:121.122,133.16 4 0
github.com/mdshabbir-ali/code-runtime/internal/cache/rate_limiter.go:133.16,134.32 1 0
github.com/mdshabbir-ali/code-runtime/internal/cache/rate_limiter.go:134.32,136.4 1 0
github.com/mdshabbir-ali/code-runtime/internal/cache/rate_limiter.go:137.3,137.78 1 0
github.com/mdshabbir-ali/code-runtime/internal/cache/rate_limiter.go:140.2,140.27 1 0
github.com/mdshabbir-ali/code-runtime/internal/cache/rate_limiter.go:140.27,143.3 1 0
github.com/mdshabbir-ali/code-runtime/internal/cache/rate_limiter.go:147.2,149.23 3 0
github.com/mdshabbir-ali/code-runtime/internal/cache/redis.go:33.36,34.20 1 0
github.com/mdshabbir-ali/code-runtime/internal/cache/redis.go:34.20,36.3 1 0
github.com/mdshabbir-ali/code-runtime/internal/cache/redis.go:37.2,37.19 1 0
github.com/mdshabbir-ali/code-runtime/internal/cache/redis.go:37.19,39.3 1 0
github.com/mdshabbir-ali/code-runtime/internal/cache/redis.go:40.2,40.23 1 0
github.com/mdshabbir-ali/code-runtime/internal/cache/redis.go:40.23,42.3 1 0
github.com/mdshabbir-ali/code-runtime/internal/cache/redis.go:46.38,48.2 1 0
github.com/mdshabbir-ali/code-runtime/internal/cache/redis.go:51.48,52.21 1 0
github.com/mdshabbir-ali/code-runtime/internal/cache/redis.go:52.21,54.3 1 0
github.com/mdshabbir-ali/code-runtime/internal/cache/redis.go:55.2,55.50 1 0
github.com/mdshabbir-ali/code-runtime/internal/cache/redis.go:70.65,73.16 2 0
github.com/mdshabbir-ali/code-runtime/internal/cache/redis.go:73.16,75.3 1 0
github.com/mdshabbir-ali/code-runtime/internal/cache/redis.go:77.2,79.9 2 0
github.com/mdshabbir-ali/code-runtime/internal/cache/redis.go:80.34,87.5 2 0
github.com/mdshabbir-ali/code-runtime/internal/cache/redis.go:89.58,100.5 2 0
github.com/mdshabbir-ali/code-runtime/internal/cache/redis.go:102.10,110.5 2 0
github.com/mdshabbir-ali/code-runtime/internal/cache/redis.go:113.2,115.52 3 0
github.com/mdshabbir-ali/code-runtime/internal/cache/redis.go:115.52,116.18 1 0
github.com/mdshabbir-ali/code-runtime/internal/cache/redis.go:116.18,124.4 3 0
github.com/mdshabbir-ali/code-runtime/internal/cache/redis.go:126.3,130.21 4 0
github.com/mdshabbir-ali/code-runtime/internal/cache/redis.go:130.21,131.9 1 0
github.com/mdshabbir-ali/code-runtime/internal/cache/redis.go:135.2,135.20 1 0
github.com/mdshabbir-ali/code-runtime/internal/cache/redis.go:135.20,138.3 2 0
github.com/mdshabbir-ali/code-runtime/internal/cache/redis.go:140.2,141.46 2 0
github.com/mdshabbir-ali/code-runtime/internal/cache/redis.go:145.56,146.49 1 0
github.com/mdshabbir-ali/code-runtime/internal/cache/redis.go:146.49,148.3 1 0
github.com/mdshabbir-ali/code-runtime/internal/cache/redis.go:149.2,149.12 1 0
github.com/mdshabbir-ali/code-runtime/internal/cache/redis.go:154.98,156.16 2 0
github.com/mdshabbir-ali/code-runtime/internal/cache/redis.go:156.16,158.3 1 0
github.com/mdshabbir-ali/code-runtime/internal/cache/redis.go:159.2,159.63 1 0
github.com/mdshabbir-ali/code-runtime/internal/cache/redis.go:159.63,161.3 1 0
github.com/mdshabbir-ali/code-runtime/internal/cache/redis.go:162.2,162.12 1 0
github.com/mdshabbir-ali/code-runtime/internal/cache/redis.go:167.78,169.16 2 0
github.com/mdshabbir-ali/code-runtime/internal/cache/redis.go:169.16,170.32 1 0
github.com/mdshabbir-ali/code-runtime/internal/cache/redis.go:170.32,172.4 1 0
github.com/mdshabbir-ali/code-runtime/internal/cache/redis.go:173.3,173.50 1 0
github.com/mdshabbir-ali/code-runtime/internal/cache/redis.go:175.2,175.50 1 0
github.com/mdshabbir-ali/code-runtime/internal/cache/redis.go:175.50,177.3 1 0
github.com/mdshabbir-ali/code-runtime/internal/cache/redis.go:178.2,178.12 1 0
github.com/mdshabbir-ali/code-runtime/internal/cache/redis.go:182.63,183.53 1 0
github.com/mdshabbir-ali/code-runtime/internal/cache/redis.go:183.53,185.3 1 0
github.com/mdshabbir-ali/code-runtime/internal/cache/redis.go:186.2,186.12 1 0
github.com/mdshabbir-ali/code-runtime/internal/cache/redis.go:190.71,192.16 2 0
github.com/mdshabbir-ali/code-runtime/internal/cache/redis.go:192.16,194.3 1 0
github.com/mdshabbir-ali/code-runtime/internal/cache/redis.go:195.2,195.19 1 0
github.com/mdshabbir-ali/code-runtime/internal/cache/redis.go:200.70,202.16 2 0
github.com/mdshabbir-ali/code-runtime/internal/cache/redis.go:202.16,204.3 1 0
github.com/mdshabbir-ali/code-runtime/internal/cache/redis.go:205.2,205.15 1 0
github.com/mdshabbir-ali/code-runtime/internal/cache/redis.go:209.82,211.16 2 0
github.com/mdshabbir-ali/code-runtime/internal/cache/redis.go:211.16,213.3 1 0
github.com/mdshabbir-ali/code-runtime/internal/cache/redis.go:214.2,214.9 1 0
github.com/mdshabbir-ali/code-runtime/internal/cache/redis.go:214.9,217.3 1 0
github.com/mdshabbir-ali/code-runtime/internal/cache/redis.go:218.2,218.12 1 0
github.com/mdshabbir-ali/code-runtime/internal/cache/redis.go:223.48,225.2 1 0
github.com/mdshabbir-ali/code-runtime/internal/cache/redis.go:229.51,231.2 1 0
github.com/mdshabbir-ali/code-runtime/internal/cache/redis.go:234.49,236.2 1 0
github.com/mdshabbir-ali/code-runtime/internal/cache/redis.go:239.31,242.2 2 0
github.com/mdshabbir-ali/code-runtime/internal/cache/redis.go:248.34,250.2 1 0
github.com/mdshabbir-ali/code-runtime/internal/cache/submission_cache.go:41.52,43.2 1 0
github.com/mdshabbir-ali/code-runtime/internal/cache/submission_cache.go:46.41,48.2 1 0
github.com/mdshabbir-ali/code-runtime/internal/cache/submission_cache.go:51.37,53.2 1 0
github.com/mdshabbir-ali/code-runtime/internal/cache/submission_cache.go:56.39,58.2 1 0
github.com/mdshabbir-ali/code-runtime/internal/cache/submission_cache.go:62.107,63.84 1 0
github.com/mdshabbir-ali/code-runtime/internal/cache/submission_cache.go:63.84,65.3 1 0
github.com/mdshabbir-ali/code-runtime/internal/cache/submission_cache.go:67.2,67.85 1 0
github.com/mdshabbir-ali/code-runtime/internal/cache/submission_cache.go:67.85,70.3 1 0
github.com/mdshabbir-ali/code-runtime/internal/cache/submission_cache.go:71.2,71.12 1 0
github.com/mdshabbir-ali/code-runtime/internal/cache/submission_cache.go:76.105,78.70 2 0
github.com/mdshabbir-ali/code-runtime/internal/cache/submission_cache.go:78.70,80.3 1 0
github.com/mdshabbir-ali/code-runtime/internal/cache/submission_cache.go:81.2,81.18 1 0
github.com/mdshabbir-ali/code-runtime/internal/cache/submission_cache.go:86.91,87.79 1 0
github.com/mdshabbir-ali/code-runtime/internal/cache/submission_cache.go:87.79,89.3 1 0
github.com/mdshabbir-ali/code-runtime/internal/cache/submission_cache.go:90.2,90.12 1 0
github.com/mdshabbir-ali/code-runtime/internal/cache/submission_cache.go:95.86,97.69 2 0
github.com/mdshabbir-ali/code-runtime/internal/cache/submission_cache.go:97.69,99.3 1 0
github.com/mdshabbir-ali/code-runtime/internal/cache/submission_cache.go:100.2,100.20 1 0
github.com/mdshabbir-ali/code-runtime/internal/cache/submission_cache.go:105.90,111.27 2 0
github.com/mdshabbir-ali/code-runtime/internal/cache/submission_cache.go:111.27,112.51 1 0
github.com/mdshabbir-ali/code-runtime/internal/cache/submission_cache.go:112.51,114.4 1 0
github.com/mdshabbir-ali/code-runtime/internal/cache/submission_cache.go:116.2,116.12 1 0
github.com/mdshabbir-ali/code-runtime/internal/cache/submission_cache.go:120.100,121.90 1 0
github.com/mdshabbir-ali/code-runtime/internal/cache/submission_cache.go:121.90,123.3 1 0
github.com/mdshabbir-ali/code-runtime/internal/cache/submission_cache.go:124.2,124.12 1 0
github.com/mdshabbir-ali/code-runtime/internal/cache/submission_cache.go:129.93,131.68 2 0
github.com/mdshabbir-ali/code-runtime/internal/cache/submission_cache.go:131.68,133.3 1 0
github.com/mdshabbir-ali/code-runtime/internal/cache/submission_cache.go:134.2,134.17 1 0
github.com/mdshabbir-ali/code-runtime/internal/cache/submission_cache.go:139.80,140.82 1 0
github.com/mdshabbir-ali/code-runtime/internal/cache/submission_cache.go:140.82,142.3 1 0
github.com/mdshabbir-ali/code-runtime/internal/cache/submission_cache.go:143.2,143.12 1 0
github.com/mdshabbir-ali/code-runtime/internal/cache/submission_cache.go:150.39,152.2 1 0
github.com/mdshabbir-ali/code-runtime/internal/cache/submission_cache.go:156.106,157.83 1 0
github.com/mdshabbir-ali/code-runtime/internal/cache/submission_cache.go:157.83,159.3 1 0
github.com/mdshabbir-ali/code-runtime/internal/cache/submission_cache.go:160.2,160.12 1 0
github.com/mdshabbir-ali/code-runtime/internal/cache/submission_cache.go:164.103,166.69 2 0
github.com/mdshabbir-ali/code-runtime/internal/cache/submission_cache.go:166.69,167.23 1 0
github.com/mdshabbir-ali/code-runtime/internal/cache/submission_cache.go:167.23,169.4 1 0
github.com/mdshabbir-ali/code-runtime/internal/cache/submission_cache.go:170.3,170.67 1 0
github.com/mdshabbir-ali/code-runtime/internal/cache/submission_cache.go:172.2,172.19 1 0
github.com/mdshabbir-ali/code-runtime/internal/cache/submission_cache.go:177.81,180.2 2 0
github.com/mdshabbir-ali/code-runtime/internal/cache/submission_cache.go:184.91,187.2 2 0
github.com/mdshabbir-ali/code-runtime/internal/cache/submission_cache.go:191.140,195.34 3 0
github.com/mdshabbir-ali/code-runtime/internal/cache/submission_cache.go:195.34,197.17 2 0
github.com/mdshabbir-ali/code-runtime/internal/cache/submission_cache.go:197.17,199.4 1 0
github.com/mdshabbir-ali/code-runtime/internal/cache/submission_cache.go:200.3,200.54 1 0
github.com/mdshabbir-ali/code-runtime/internal/cache/submission_cache.go:200.54,202.4 1 0
github.com/mdshabbir-ali/code-runtime/internal/cache/submission_cache.go:204.3,204.10 1 0
github.com/mdshabbir-ali/code-runtime/internal/cache/submission_cache.go:205.21,206.25 1 0
github.com/mdshabbir-ali/code-runtime/internal/cache/submission_cache.go:207.30,208.31 1 0
github.com/mdshabbir-ali/code-runtime/internal/cache/submission_cache.go:208.31,210.5 1 0
github.com/mdshabbir-ali/code-runtime/internal/cache/submission_cache.go:214.2,214.27 1 0
github.com/mdshabbir-ali/code-runtime/internal/cache/submission_cache.go:217.36,219.2 1 0
github.com/mdshabbir-ali/code-runtime/internal/cache/submission_cache.go:222.76,228.25 2 0
github.com/mdshabbir-ali/code-runtime/internal/cache/submission_cache.go:228.25,230.3 1 0
github.com/mdshabbir-ali/code-runtime/internal/cache/submission_cache.go:231.2,231.12 1 0
github.com/mdshabbir-ali/code-runtime/cmd/api-gateway/main.go:28.13,31.15 2 0
github.com/mdshabbir-ali/code-runtime/cmd/api-gateway/main.go:31.15,31.33 1 0
github.com/mdshabbir-ali/code-runtime/cmd/api-gateway/main.go:34.2,36.16 3 0
github.com/mdshabbir-ali/code-runtime/cmd/api-gateway/main.go:36.16,38.3 1 0
github.com/mdshabbir-ali/code-runtime/cmd/api-gateway/main.go:39.2,43.16 3 0
github.com/mdshabbir-ali/code-runtime/cmd/api-gateway/main.go:43.16,45.3 1 0
github.com/mdshabbir-ali/code-runtime/cmd/api-gateway/main.go:46.2,46.15 1 0
github.com/mdshabbir-ali/code-runtime/cmd/api-gateway/main.go:46.15,49.50 3 0
github.com/mdshabbir-ali/code-runtime/cmd/api-gateway/main.go:49.50,51.4 1 0
github.com/mdshabbir-ali/code-runtime/cmd/api-gateway/main.go:55.2,56.16 2 0
github.com/mdshabbir-ali/code-runtime/cmd/api-gateway/main.go:56.16,58.3 1 0
github.com/mdshabbir-ali/code-runtime/cmd/api-gateway/main.go:59.2,59.15 1 0
github.com/mdshabbir-ali/code-runtime/cmd/api-gateway/main.go:59.15,60.36 1 0
github.com/mdshabbir-ali/code-runtime/cmd/api-gateway/main.go:60.36,62.4 1 0
github.com/mdshabbir-ali/code-runtime/cmd/api-gateway/main.go:65.2,65.33 1 0
github.com/mdshabbir-ali/code-runtime/cmd/api-gateway/main.go:65.33,66.53 1 0
github.com/mdshabbir-ali/code-runtime/cmd/api-gateway/main.go:66.53,68.4 1 0
github.com/mdshabbir-ali/code-runtime/cmd/api-gateway/main.go:71.2,75.16 3 0
github.com/mdshabbir-ali/code-runtime/cmd/api-gateway/main.go:75.16,77.3 1 0
github.com/mdshabbir-ali/code-runtime/cmd/api-gateway/main.go:78.2,78.15 1 0
github.com/mdshabbir-ali/code-runtime/cmd/api-gateway/main.go:78.15,79.45 1 0
github.com/mdshabbir-ali/code-runtime/cmd/api-gateway/main.go:79.45,81.4 1 0
github.com/mdshabbir-ali/code-runtime/cmd/api-gateway/main.go:84.2,93.16 6 0
github.com/mdshabbir-ali/code-runtime/cmd/api-gateway/main.go:93.16,95.3 1 0
github.com/mdshabbir-ali/code-runtime/cmd/api-gateway/main.go:96.2,145.12 7 0
github.com/mdshabbir-ali/code-runtime/cmd/api-gateway/main.go:145.12,147.3 1 0
github.com/mdshabbir-ali/code-runtime/cmd/api-gateway/main.go:150.2,153.9 3 0
github.com/mdshabbir-ali/code-runtime/cmd/api-gateway/main.go:154.21,155.75 1 0
github.com/mdshabbir-ali/code-runtime/cmd/api-gateway/main.go:156.26,157.17 1 0
github.com/mdshabbir-ali/code-runtime/cmd/api-gateway/main.go:157.17,159.4 1 0
github.com/mdshabbir-ali/code-runtime/cmd/api-gateway/main.go:162.2,165.42 3 0
github.com/mdshabbir-ali/code-runtime/cmd/api-gateway/main.go:165.42,168.3 2 0
github.com/mdshabbir-ali/code-runtime/cmd/api-gateway/main.go:170.2,170.41 1 0
github.com/mdshabbir-ali/code-runtime/cmd/api-gateway/main.go:175.101,176.44 1 0
github.com/mdshabbir-ali/code-runtime/cmd/api-gateway/main.go:176.44,178.17 2 0
github.com/mdshabbir-ali/code-runtime/cmd/api-gateway/main.go:178.17,180.4 1 0
github.com/mdshabbir-ali/code-runtime/cmd/api-gateway/main.go:181.3,184.54 2 0
github.com/mdshabbir-ali/code-runtime/cmd/api-gateway/main.go:186.2,187.44 2 0
github.com/mdshabbir-ali/code-runtime/cmd/api-gateway/main.go:192.32,194.39 2 0
github.com/mdshabbir-ali/code-runtime/cmd/api-gateway/main.go:194.39,196.3 1 0
github.com/mdshabbir-ali/code-runtime/cmd/api-gateway/main.go:198.2,214.16 6 0
github.com/mdshabbir-ali/code-runtime/cmd/api-gateway/main.go:214.16,217.3 1 0
github.com/mdshabbir-ali/code-runtime/cmd/api-gateway/main.go:218.2,218.12 1 0
github.com/mdshabbir-ali/code-runtime/cmd/queue-manager/main.go:33.13,35.16 2 0
github.com/mdshabbir-ali/code-runtime/cmd/queue-manager/main.go:35.16,38.3 2 0
github.com/mdshabbir-ali/code-runtime/cmd/queue-manager/main.go:39.2,39.15 1 0
github.com/mdshabbir-ali/code-runtime/cmd/queue-manager/main.go:39.15,39.36 1 0
github.com/mdshabbir-ali/code-runtime/cmd/queue-manager/main.go:41.2,41.36 1 0
github.com/mdshabbir-ali/code-runtime/cmd/queue-manager/main.go:41.36,43.3 1 0
github.com/mdshabbir-ali/code-runtime/cmd/queue-manager/main.go:48.36,50.16 2 0
github.com/mdshabbir-ali/code-runtime/cmd/queue-manager/main.go:50.16,52.3 1 0
github.com/mdshabbir-ali/code-runtime/cmd/queue-manager/main.go:55.2,55.44 1 0
github.com/mdshabbir-ali/code-runtime/cmd/queue-manager/main.go:55.44,57.3 1 0
github.com/mdshabbir-ali/code-runtime/cmd/queue-manager/main.go:59.2,60.16 2 0
github.com/mdshabbir-ali/code-runtime/cmd/queue-manager/main.go:60.16,62.3 1 0
github.com/mdshabbir-ali/code-runtime/cmd/queue-manager/main.go:63.2,65.51 2 0
github.com/mdshabbir-ali/code-runtime/cmd/queue-manager/main.go:65.51,67.3 1 0
github.com/mdshabbir-ali/code-runtime/cmd/queue-manager/main.go:69.2,89.12 13 0
github.com/mdshabbir-ali/code-runtime/cmd/queue-manager/main.go:95.59,102.16 5 0
github.com/mdshabbir-ali/code-runtime/cmd/queue-manager/main.go:102.16,104.3 1 0
github.com/mdshabbir-ali/code-runtime/cmd/queue-manager/main.go:106.2,106.63 1 0
github.com/mdshabbir-ali/code-runtime/cmd/queue-manager/main.go:106.63,107.21 1 0
github.com/mdshabbir-ali/code-runtime/cmd/queue-manager/main.go:107.21,109.4 1 0
github.com/mdshabbir-ali/code-runtime/cmd/queue-manager/main.go:110.3,110.70 1 0
github.com/mdshabbir-ali/code-runtime/cmd/queue-manager/main.go:113.2,121.12 7 0
github.com/mdshabbir-ali/code-runtime/cmd/queue-manager/main.go:121.12,123.39 2 0
github.com/mdshabbir-ali/code-runtime/cmd/queue-manager/main.go:123.39,125.4 1 0
github.com/mdshabbir-ali/code-runtime/cmd/queue-manager/main.go:126.3,126.20 1 0
github.com/mdshabbir-ali/code-runtime/cmd/queue-manager/main.go:129.2,131.9 2 0
github.com/mdshabbir-ali/code-runtime/cmd/queue-manager/main.go:132.20,133.42 1 0
github.com/mdshabbir-ali/code-runtime/cmd/queue-manager/main.go:134.27,135.17 1 0
github.com/mdshabbir-ali/code-runtime/cmd/queue-manager/main.go:135.17,137.4 1 0
github.com/mdshabbir-ali/code-runtime/cmd/queue-manager/main.go:138.26,139.17 1 0
github.com/mdshabbir-ali/code-runtime/cmd/queue-manager/main.go:139.17,141.4 1 0
github.com/mdshabbir-ali/code-runtime/cmd/queue-manager/main.go:144.2,149.12 6 0
github.com/mdshabbir-ali/code-runtime/cmd/queue-manager/main.go:153.40,156.73 3 0
github.com/mdshabbir-ali/code-runtime/cmd/queue-manager/main.go:156.73,160.3 3 0
github.com/mdshabbir-ali/code-runtime/cmd/queue-manager/main.go:161.2,167.3 1 0
github.com/mdshabbir-ali/code-runtime/cmd/queue-manager/main.go:171.114,179.6 4 0
github.com/mdshabbir-ali/code-runtime/cmd/queue-manager/main.go:179.6,180.10 1 0
github.com/mdshabbir-ali/code-runtime/cmd/queue-manager/main.go:181.21,182.10 1 0
github.com/mdshabbir-ali/code-runtime/cmd/queue-manager/main.go:183.19,184.35 1 0
github.com/mdshabbir-ali/code-runtime/cmd/queue-manager/main.go:184.35,185.18 1 0
github.com/mdshabbir-ali/code-runtime/cmd/queue-manager/main.go:185.18,186.14 1 0
github.com/mdshabbir-ali/code-runtime/cmd/queue-manager/main.go:188.5,188.65 1 0
github.com/mdshabbir-ali/code-runtime/cmd/queue-manager/main.go:188.65,190.6 1 0
github.com/mdshabbir-ali/code-runtime/cmd/queue-manager/main.go:190.11,192.6 1 0
github.com/mdshabbir-ali/code-runtime/cmd/queue-manager/main.go:199.81,201.24 2 0
github.com/mdshabbir-ali/code-runtime/cmd/queue-manager/main.go:201.24,203.3 1 0
github.com/mdshabbir-ali/code-runtime/cmd/queue-manager/main.go:204.2,214.16 3 0
github.com/mdshabbir-ali/code-runtime/cmd/queue-manager/main.go:214.16,216.3 1 0
github.com/mdshabbir-ali/code-runtime/cmd/queue-manager/main.go:217.2,217.20 1 0
github.com/mdshabbir-ali/code-runtime/cmd/queue-manager/main.go:221.58,222.39 1 0
github.com/mdshabbir-ali/code-runtime/cmd/queue-manager/main.go:222.39,224.3 1 0
github.com/mdshabbir-ali/code-runtime/cmd/queue-manager/main.go:230.121,232.16 2 0
github.com/mdshabbir-ali/code-runtime/cmd/queue-manager/main.go:232.16,235.3 2 0
github.com/mdshabbir-ali/code-runtime/cmd/queue-manager/main.go:236.2,236.85 1 0
github.com/mdshabbir-ali/code-runtime/cmd/queue-manager/main.go:240.101,255.2 6 0
github.com/mdshabbir-ali/code-runtime/cmd/queue-manager/main.go:258.101,260.12 2 0
github.com/mdshabbir-ali/code-runtime/cmd/queue-manager/main.go:260.12,263.39 3 0
github.com/mdshabbir-ali/code-runtime/cmd/queue-manager/main.go:263.39,265.4 1 0
github.com/mdshabbir-ali/code-runtime/cmd/queue-manager/main.go:266.3,266.12 1 0
github.com/mdshabbir-ali/code-runtime/cmd/queue-manager/main.go:268.2,268.11 1 0
github.com/mdshabbir-ali/code-runtime/cmd/queue-manager/main.go:272.111,274.12 2 0
github.com/mdshabbir-ali/code-runtime/cmd/queue-manager/main.go:274.12,275.7 1 0
github.com/mdshabbir-ali/code-runtime/cmd/queue-manager/main.go:275.7,276.11 1 0
github.com/mdshabbir-ali/code-runtime/cmd/queue-manager/main.go:277.22,279.11 2 0
github.com/mdshabbir-ali/code-runtime/cmd/queue-manager/main.go:280.20,282.77 2 0
github.com/mdshabbir-ali/code-runtime/cmd/queue-manager/main.go:282.77,284.6 1 0
github.com/mdshabbir-ali/code-runtime/cmd/queue-manager/main.go:285.5,285.86 1 0
github.com/mdshabbir-ali/code-runtime/cmd/queue-manager/main.go:285.86,287.6 1 0
github.com/mdshabbir-ali/code-runtime/cmd/queue-manager/main.go:294.73,296.12 2 0
github.com/mdshabbir-ali/code-runtime/cmd/queue-manager/main.go:296.12,299.43 3 0
github.com/mdshabbir-ali/code-runtime/cmd/queue-manager/main.go:299.43,301.4 1 0
github.com/mdshabbir-ali/code-runtime/cmd/queue-manager/main.go:302.3,302.12 1 0
github.com/mdshabbir-ali/code-runtime/cmd/queue-manager/main.go:304.2,304.11 1 0
github.com/mdshabbir-ali/code-runtime/cmd/queue-manager/main.go:308.82,313.9 4 0
github.com/mdshabbir-ali/code-runtime/cmd/queue-manager/main.go:314.22,315.84 1 0
github.com/mdshabbir-ali/code-runtime/cmd/queue-manager/main.go:316.25,317.17 1 0
github.com/mdshabbir-ali/code-runtime/cmd/queue-manager/main.go:317.17,319.4 1 0
github.com/mdshabbir-ali/code-runtime/cmd/queue-manager/main.go:320.26,321.17 1 0
github.com/mdshabbir-ali/code-runtime/cmd/queue-manager/main.go:321.17,323.4 1 0
github.com/mdshabbir-ali/code-runtime/cmd/queue-manager/main.go:328.76,335.42 5 0
github.com/mdshabbir-ali/code-runtime/cmd/queue-manager/main.go:335.42,337.3 1 0
github.com/mdshabbir-ali/code-runtime/cmd/queue-manager/main.go:339.2,339.9 1 0
github.com/mdshabbir-ali/code-runtime/cmd/queue-manager/main.go:340.20,341.50 1 0
github.com/mdshabbir-ali/code-runtime/cmd/queue-manager/main.go:342.25,343.17 1 0
github.com/mdshabbir-ali/code-runtime/cmd/queue-manager/main.go:343.17,345.4 1 0
github.com/mdshabbir-ali/code-runtime/cmd/queue-manager/main.go:345.9,347.4 1 0
github.com/mdshabbir-ali/code-runtime/cmd/queue-manager/main.go:350.2,350.48 1 0
github.com/mdshabbir-ali/code-runtime/cmd/queue-manager/main.go:354.83,360.54 2 0
github.com/mdshabbir-ali/code-runtime/cmd/queue-manager/main.go:360.54,367.10 5 0
github.com/mdshabbir-ali/code-runtime/cmd/queue-manager/main.go:367.10,369.4 1 0
github.com/mdshabbir-ali/code-runtime/cmd/queue-manager/main.go:371.3,373.80 3 0
github.com/mdshabbir-ali/code-runtime/cmd/queue-manager/main.go:379.115,383.52 3 0
github.com/mdshabbir-ali/code-runtime/cmd/queue-manager/main.go:383.52,387.3 3 0
github.com/mdshabbir-ali/code-runtime/cmd/queue-manager/main.go:387.8,389.3 1 0
github.com/mdshabbir-ali/code-runtime/cmd/queue-manager/main.go:391.2,391.19 1 0
github.com/mdshabbir-ali/code-runtime/cmd/queue-manager/main.go:396.44,397.35 1 0
github.com/mdshabbir-ali/code-runtime/cmd/queue-manager/main.go:397.35,399.3 1 0
github.com/mdshabbir-ali/code-runtime/cmd/queue-manager/main.go:400.2,400.12 1 0
github.com/mdshabbir-ali/code-runtime/internal/database/batch_repository.go:65.49,67.2 1 0
github.com/mdshabbir-ali/code-runtime/internal/database/batch_repository.go:69.76,74.66 3 0
github.com/mdshabbir-ali/code-runtime/internal/database/batch_repository.go:74.66,78.3 3 0
github.com/mdshabbir-ali/code-runtime/internal/database/batch_repository.go:79.2,79.12 1 0
github.com/mdshabbir-ali/code-runtime/internal/database/batch_repository.go:82.118,90.67 3 0
github.com/mdshabbir-ali/code-runtime/internal/database/batch_repository.go:90.67,91.48 1 0
github.com/mdshabbir-ali/code-runtime/internal/database/batch_repository.go:91.48,93.4 1 0
github.com/mdshabbir-ali/code-runtime/internal/database/batch_repository.go:94.3,94.20 1 0
github.com/mdshabbir-ali/code-runtime/internal/database/batch_repository.go:94.20,95.62 1 0
github.com/mdshabbir-ali/code-runtime/internal/database/batch_repository.go:95.62,97.5 1 0
github.com/mdshabbir-ali/code-runtime/internal/database/batch_repository.go:99.3,99.13 1 0
github.com/mdshabbir-ali/code-runtime/internal/database/batch_repository.go:101.2,101.16 1 0
github.com/mdshabbir-ali/code-runtime/internal/database/batch_repository.go:101.16,105.3 3 0
github.com/mdshabbir-ali/code-runtime/internal/database/batch_repository.go:106.2,106.12 1 0
github.com/mdshabbir-ali/code-runtime/internal/database/batch_repository.go:110.82,119.22 4 0
github.com/mdshabbir-ali/code-runtime/internal/database/batch_repository.go:119.22,123.3 3 0
github.com/mdshabbir-ali/code-runtime/internal/database/batch_repository.go:124.2,124.35 1 0
github.com/mdshabbir-ali/code-runtime/internal/database/batch_repository.go:128.71,137.22 4 0
github.com/mdshabbir-ali/code-runtime/internal/database/batch_repository.go:137.22,141.3 3 0
github.com/mdshabbir-ali/code-runtime/internal/database/batch_repository.go:142.2,142.12 1 0
github.com/mdshabbir-ali/code-runtime/internal/database/batch_repository.go:145.84,155.16 5 0
github.com/mdshabbir-ali/code-runtime/internal/database/batch_repository.go:155.16,157.45 2 0
github.com/mdshabbir-ali/code-runtime/internal/database/batch_repository.go:157.45,160.4 2 0
github.com/mdshabbir-ali/code-runtime/internal/database/batch_repository.go:161.3,162.55 2 0
github.com/mdshabbir-ali/code-runtime/internal/database/batch_repository.go:164.2,164.20 1 0
github.com/mdshabbir-ali/code-runtime/internal/database/batch_repository.go:167.104,176.33 4 0
github.com/mdshabbir-ali/code-runtime/internal/database/batch_repository.go:176.33,180.3 3 0
github.com/mdshabbir-ali/code-runtime/internal/database/batch_repository.go:181.2,182.18 2 0
github.com/mdshabbir-ali/code-runtime/internal/database/batch_repository.go:185.95,193.67 4 0
github.com/mdshabbir-ali/code-runtime/internal/database/batch_repository.go:193.67,202.23 2 0
github.com/mdshabbir-ali/code-runtime/internal/database/batch_repository.go:202.23,204.4 1 0
github.com/mdshabbir-ali/code-runtime/internal/database/batch_repository.go:205.3,205.28 1 0
github.com/mdshabbir-ali/code-runtime/internal/database/batch_repository.go:205.28,207.4 1 0
github.com/mdshabbir-ali/code-runtime/internal/database/batch_repository.go:208.3,208.52 1 0
github.com/mdshabbir-ali/code-runtime/internal/database/batch_repository.go:210.2,210.16 1 0
github.com/mdshabbir-ali/code-runtime/internal/database/batch_repository.go:210.16,214.3 3 0
github.com/mdshabbir-ali/code-runtime/internal/database/batch_repository.go:215.2,219.20 2 0
github.com/mdshabbir-ali/code-runtime/internal/database/batch_repository.go:222.111,235.19 4 0
github.com/mdshabbir-ali/code-runtime/internal/database/batch_repository.go:235.19,237.3 1 0
github.com/mdshabbir-ali/code-runtime/internal/database/batch_repository.go:239.2,243.22 2 0
github.com/mdshabbir-ali/code-runtime/internal/database/batch_repository.go:243.22,247.3 3 0
github.com/mdshabbir-ali/code-runtime/internal/database/batch_repository.go:248.2,248.27 1 0
github.com/mdshabbir-ali/code-runtime/internal/database/batch_repository.go:248.27,250.3 1 0
github.com/mdshabbir-ali/code-runtime/internal/database/batch_repository.go:251.2,251.12 1 0
github.com/mdshabbir-ali/code-runtime/internal/database/batch_repository.go:264.53,266.2 1 0
github.com/mdshabbir-ali/code-runtime/internal/database/batch_repository.go:268.79,273.65 3 0
github.com/mdshabbir-ali/code-runtime/internal/database/batch_repository.go:273.65,277.3 3 0
github.com/mdshabbir-ali/code-runtime/internal/database/batch_repository.go:278.2,278.12 1 0
github.com/mdshabbir-ali/code-runtime/internal/database/batch_repository.go:281.88,288.16 5 0
github.com/mdshabbir-ali/code-runtime/internal/database/batch_repository.go:288.16,290.45 2 0
github.com/mdshabbir-ali/code-runtime/internal/database/batch_repository.go:290.45,293.4 2 0
github.com/mdshabbir-ali/code-runtime/internal/database/batch_repository.go:294.3,295.57 2 0
github.com/mdshabbir-ali/code-runtime/internal/database/batch_repository.go:297.2,297.19 1 0
github.com/mdshabbir-ali/code-runtime/internal/database/batch_repository.go:300.96,305.19 4 0
github.com/mdshabbir-ali/code-runtime/internal/database/batch_repository.go:305.19,307.3 1 0
github.com/mdshabbir-ali/code-runtime/internal/database/batch_repository.go:309.2,310.45 2 0
github.com/mdshabbir-ali/code-runtime/internal/database/batch_repository.go:310.45,314.3 3 0
github.com/mdshabbir-ali/code-runtime/internal/database/batch_repository.go:315.2,316.19 2 0
github.com/mdshabbir-ali/code-runtime/internal/database/db.go:14.64,26.2 1 0
github.com/mdshabbir-ali/code-runtime/internal/database/db.go:29.46,31.2 1 0
github.com/mdshabbir-ali/code-runtime/internal/database/db.go:34.37,44.2 1 0
github.com/mdshabbir-ali/code-runtime/internal/database/migrations.go:22.47,28.35 2 0
github.com/mdshabbir-ali/code-runtime/internal/database/migrations.go:28.35,30.3 1 0
github.com/mdshabbir-ali/code-runtime/internal/database/migrations.go:31.2,31.15 1 0
github.com/mdshabbir-ali/code-runtime/internal/database/migrations.go:31.15,33.3 1 0
github.com/mdshabbir-ali/code-runtime/internal/database/migrations.go:34.2,35.47 2 0
github.com/mdshabbir-ali/code-runtime/internal/database/migrations.go:35.47,37.3 1 0
github.com/mdshabbir-ali/code-runtime/internal/database/migrations.go:38.2,38.12 1 0
github.com/mdshabbir-ali/code-runtime/internal/database/migrations.go:43.34,57.16 3 0
github.com/mdshabbir-ali/code-runtime/internal/database/migrations.go:57.16,59.3 1 0
github.com/mdshabbir-ali/code-runtime/internal/database/migrations.go:68.2,81.30 2 0
github.com/mdshabbir-ali/code-runtime/internal/database/migrations.go:81.30,82.46 1 0
github.com/mdshabbir-ali/code-runtime/internal/database/migrations.go:82.46,84.4 1 0
github.com/mdshabbir-ali/code-runtime/internal/database/migrations.go:87.2,88.12 2 0
github.com/mdshabbir-ali/code-runtime/internal/database/migrations.go:93.33,100.25 3 0
github.com/mdshabbir-ali/code-runtime/internal/database/migrations.go:100.25,102.3 1 0
github.com/mdshabbir-ali/code-runtime/internal/database/migrations.go:103.2,104.12 2 0
github.com/mdshabbir-ali/code-runtime/internal/database/migrations.go:109.34,132.25 5 0
github.com/mdshabbir-ali/code-runtime/internal/database/migrations.go:132.25,134.3 1 0
github.com/mdshabbir-ali/code-runtime/internal/database/migrations.go:136.2,137.12 2 0
github.com/mdshabbir-ali/code-runtime/internal/database/migrations.go:142.35,143.42 1 0
github.com/mdshabbir-ali/code-runtime/internal/database/migrations.go:143.42,145.3 1 0
github.com/mdshabbir-ali/code-runtime/internal/database/migrations.go:146.2,146.41 1 0
github.com/mdshabbir-ali/code-runtime/internal/database/migrations.go:146.41,148.3 1 0
github.com/mdshabbir-ali/code-runtime/internal/database/migrations.go:149.2,149.26 1 0
github.com/mdshabbir-ali/code-runtime/internal/database/mysql.go:42.40,47.2 1 0
github.com/mdshabbir-ali/code-runtime/internal/database/mysql.go:52.43,53.53 1 0
github.com/mdshabbir-ali/code-runtime/internal/database/mysql.go:54.49,55.17 1 0
github.com/mdshabbir-ali/code-runtime/internal/database/mysql.go:56.43,57.16 1 0
github.com/mdshabbir-ali/code-runtime/internal/database/mysql.go:58.48,59.23 1 0
github.com/mdshabbir-ali/code-runtime/internal/database/mysql.go:60.29,61.21 1 0
github.com/mdshabbir-ali/code-runtime/internal/database/mysql.go:62.10,63.17 1 0
github.com/mdshabbir-ali/code-runtime/internal/database/mysql.go:68.39,69.19 1 0
github.com/mdshabbir-ali/code-runtime/internal/database/mysql.go:69.19,71.3 1 0
github.com/mdshabbir-ali/code-runtime/internal/database/mysql.go:72.2,72.23 1 0
github.com/mdshabbir-ali/code-runtime/internal/database/mysql.go:72.23,74.3 1 0
github.com/mdshabbir-ali/code-runtime/internal/database/mysql.go:75.2,75.27 1 0
github.com/mdshabbir-ali/code-runtime/internal/database/mysql.go:75.27,77.3 1 0
github.com/mdshabbir-ali/code-runtime/internal/database/mysql.go:78.2,78.27 1 0
github.com/mdshabbir-ali/code-runtime/internal/database/mysql.go:78.27,80.3 1 0
github.com/mdshabbir-ali/code-runtime/internal/database/mysql.go:81.2,81.34 1 0
github.com/mdshabbir-ali/code-runtime/internal/database/mysql.go:81.34,83.3 1 0
github.com/mdshabbir-ali/code-runtime/internal/database/mysql.go:88.65,91.16 2 0
github.com/mdshabbir-ali/code-runtime/internal/database/mysql.go:91.16,93.3 1 0
github.com/mdshabbir-ali/code-runtime/internal/database/mysql.go:95.2,107.52 4 0
github.com/mdshabbir-ali/code-runtime/internal/database/mysql.go:107.52,108.18 1 0
github.com/mdshabbir-ali/code-runtime/internal/database/mysql.go:108.18,116.4 3 0
github.com/mdshabbir-ali/code-runtime/internal/database/mysql.go:118.3,126.17 2 0
github.com/mdshabbir-ali/code-runtime/internal/database/mysql.go:126.17,127.9 1 0
github.com/mdshabbir-ali/code-runtime/internal/database/mysql.go:131.2,131.16 1 0
github.com/mdshabbir-ali/code-runtime/internal/database/mysql.go:131.16,133.3 1 0
github.com/mdshabbir-ali/code-runtime/internal/database/mysql.go:136.2,137.16 2 0
github.com/mdshabbir-ali/code-runtime/internal/database/mysql.go:137.16,139.3 1 0
github.com/mdshabbir-ali/code-runtime/internal/database/mysql.go:140.2,148.46 7 0
github.com/mdshabbir-ali/code-runtime/internal/database/mysql.go:148.46,150.3 1 0
github.com/mdshabbir-ali/code-runtime/internal/database/mysql.go:152.2,160.36 2 0
github.com/mdshabbir-ali/code-runtime/internal/database/mysql.go:165.56,166.53 1 0
github.com/mdshabbir-ali/code-runtime/internal/database/mysql.go:166.53,168.3 1 0
github.com/mdshabbir-ali/code-runtime/internal/database/mysql.go:169.2,169.12 1 0
github.com/mdshabbir-ali/code-runtime/internal/database/mysql.go:173.54,175.16 2 0
github.com/mdshabbir-ali/code-runtime/internal/database/mysql.go:175.16,177.3 1 0
github.com/mdshabbir-ali/code-runtime/internal/database/mysql.go:178.2,178.46 1 0
github.com/mdshabbir-ali/code-runtime/internal/database/mysql.go:178.46,180.3 1 0
github.com/mdshabbir-ali/code-runtime/internal/database/mysql.go:181.2,181.12 1 0
github.com/mdshabbir-ali/code-runtime/internal/database/mysql.go:185.44,187.16 2 0
github.com/mdshabbir-ali/code-runtime/internal/database/mysql.go:187.16,189.3 1 0
github.com/mdshabbir-ali/code-runtime/internal/database/mysql.go:190.2,190.27 1 0
github.com/mdshabbir-ali/code-runtime/internal/database/mysql.go:194.29,196.16 2 0
github.com/mdshabbir-ali/code-runtime/internal/database/mysql.go:196.16,198.3 1 0
github.com/mdshabbir-ali/code-runtime/internal/database/mysql.go:199.2,200.22 2 0
github.com/mdshabbir-ali/code-runtime/internal/database/repository.go:65.59,67.2 1 0
github.com/mdshabbir-ali/code-runtime/internal/database/repository.go:69.84,74.64 3 0
github.com/mdshabbir-ali/code-runtime/internal/database/repository.go:74.64,78.3 3 0
github.com/mdshabbir-ali/code-runtime/internal/database/repository.go:79.2,79.12 1 0
github.com/mdshabbir-ali/code-runtime/internal/database/repository.go:82.100,88.16 4 0
github.com/mdshabbir-ali/code-runtime/internal/database/repository.go:88.16,91.3 2 0
github.com/mdshabbir-ali/code-runtime/internal/database/repository.go:93.2,99.16 3 0
github.com/mdshabbir-ali/code-runtime/internal/database/repository.go:99.16,101.45 2 0
github.com/mdshabbir-ali/code-runtime/internal/database/repository.go:101.45,104.4 2 0
github.com/mdshabbir-ali/code-runtime/internal/database/repository.go:105.3,106.63 2 0
github.com/mdshabbir-ali/code-runtime/internal/database/repository.go:108.2,108.18 1 0
github.com/mdshabbir-ali/code-runtime/internal/database/repository.go:111.94,120.16 4 0
github.com/mdshabbir-ali/code-runtime/internal/database/repository.go:120.16,123.3 2 0
github.com/mdshabbir-ali/code-runtime/internal/database/repository.go:125.2,130.22 2 0
github.com/mdshabbir-ali/code-runtime/internal/database/repository.go:130.22,134.3 3 0
github.com/mdshabbir-ali/code-runtime/internal/database/repository.go:135.2,135.27 1 0
github.com/mdshabbir-ali/code-runtime/internal/database/repository.go:135.27,138.3 2 0
github.com/mdshabbir-ali/code-runtime/internal/database/repository.go:139.2,139.12 1 0
github.com/mdshabbir-ali/code-runtime/internal/database/repository.go:144.112,150.16 4 0
github.com/mdshabbir-ali/code-runtime/internal/database/repository.go:150.16,153.3 2 0
github.com/mdshabbir-ali/code-runtime/internal/database/repository.go:155.2,163.25 6 0
github.com/mdshabbir-ali/code-runtime/internal/database/repository.go:163.25,165.3 1 0
github.com/mdshabbir-ali/code-runtime/internal/database/repository.go:166.2,166.25 1 0
github.com/mdshabbir-ali/code-runtime/internal/database/repository.go:166.25,168.3 1 0
github.com/mdshabbir-ali/code-runtime/internal/database/repository.go:169.2,169.32 1 0
github.com/mdshabbir-ali/code-runtime/internal/database/repository.go:169.32,171.3 1 0
github.com/mdshabbir-ali/code-runtime/internal/database/repository.go:172.2,172.24 1 0
github.com/mdshabbir-ali/code-runtime/internal/database/repository.go:172.24,174.3 1 0
github.com/mdshabbir-ali/code-runtime/internal/database/repository.go:175.2,175.29 1 0
github.com/mdshabbir-ali/code-runtime/internal/database/repository.go:175.29,177.3 1 0
github.com/mdshabbir-ali/code-runtime/internal/database/repository.go:178.2,203.22 8 0
github.com/mdshabbir-ali/code-runtime/internal/database/repository.go:203.22,207.3 3 0
github.com/mdshabbir-ali/code-runtime/internal/database/repository.go:208.2,208.27 1 0
github.com/mdshabbir-ali/code-runtime/internal/database/repository.go:208.27,211.3 2 0
github.com/mdshabbir-ali/code-runtime/internal/database/repository.go:212.2,212.12 1 0
github.com/mdshabbir-ali/code-runtime/internal/database/repository.go:215.106,223.14 3 0
github.com/mdshabbir-ali/code-runtime/internal/database/repository.go:223.14,225.3 1 0
github.com/mdshabbir-ali/code-runtime/internal/database/repository.go:226.2,226.30 1 0
github.com/mdshabbir-ali/code-runtime/internal/database/repository.go:226.30,228.3 1 0
github.com/mdshabbir-ali/code-runtime/internal/database/repository.go:229.2,238.50 4 0
github.com/mdshabbir-ali/code-runtime/internal/database/repository.go:238.50,242.3 3 0
github.com/mdshabbir-ali/code-runtime/internal/database/repository.go:244.2,250.33 1 0
github.com/mdshabbir-ali/code-runtime/internal/database/repository.go:250.33,254.3 3 0
github.com/mdshabbir-ali/code-runtime/internal/database/repository.go:256.2,260.25 2 0
github.com/mdshabbir-ali/code-runtime/internal/database/repository.go:263.74,269.16 4 0
github.com/mdshabbir-ali/code-runtime/internal/database/repository.go:269.16,272.3 2 0
github.com/mdshabbir-ali/code-runtime/internal/database/repository.go:274.2,278.22 2 0
github.com/mdshabbir-ali/code-runtime/internal/database/repository.go:278.22,282.3 3 0
github.com/mdshabbir-ali/code-runtime/internal/database/repository.go:283.2,283.27 1 0
github.com/mdshabbir-ali/code-runtime/internal/database/repository.go:283.27,286.3 2 0
github.com/mdshabbir-ali/code-runtime/internal/database/repository.go:287.2,287.12 1 0
github.com/mdshabbir-ali/code-runtime/internal/database/repository.go:300.55,302.2 1 0
github.com/mdshabbir-ali/code-runtime/internal/database/repository.go:304.80,309.81 4 0
github.com/mdshabbir-ali/code-runtime/internal/database/repository.go:309.81,313.3 3 0
github.com/mdshabbir-ali/code-runtime/internal/database/repository.go:314.2,315.19 2 0
github.com/mdshabbir-ali/code-runtime/internal/database/repository.go:318.87,324.69 4 0
github.com/mdshabbir-ali/code-runtime/internal/database/repository.go:324.69,326.45 2 0
github.com/mdshabbir-ali/code-runtime/internal/database/repository.go:326.45,329.4 2 0
github.com/mdshabbir-ali/code-runtime/internal/database/repository.go:330.3,331.58 2 0
github.com/mdshabbir-ali/code-runtime/internal/database/repository.go:333.2,333.19 1 0
github.com/mdshabbir-ali/code-runtime/internal/database/repository.go:336.83,344.34 4 0
github.com/mdshabbir-ali/code-runtime/internal/database/repository.go:344.34,348.3 3 0
github.com/mdshabbir-ali/code-runtime/internal/database/repository.go:349.2,350.19 2 0
github.com/mdshabbir-ali/code-runtime/internal/database/repository.go:363.63,365.2 1 0
github.com/mdshabbir-ali/code-runtime/internal/database/repository.go:367.90,372.66 3 0
github.com/mdshabbir-ali/code-runtime/internal/database/repository.go:372.66,376.3 3 0
github.com/mdshabbir-ali/code-runtime/internal/database/repository.go:377.2,377.12 1 0
github.com/mdshabbir-ali/code-runtime/internal/database/repository.go:380.106,389.33 4 0
github.com/mdshabbir-ali/code-runtime/internal/database/repository.go:389.33,393.3 3 0
github.com/mdshabbir-ali/code-runtime/internal/database/repository.go:394.2,395.18 2 0
github.com/mdshabbir-ali/code-runtime/internal/database/repository.go:417.47,419.2 1 0
github.com/mdshabbir-ali/code-runtime/internal/database/repository.go:421.88,426.88 4 0
github.com/mdshabbir-ali/code-runtime/internal/database/repository.go:426.88,428.45 2 0
github.com/mdshabbir-ali/code-runtime/internal/database/repository.go:428.45,430.4 1 0
github.com/mdshabbir-ali/code-runtime/internal/database/repository.go:431.3,431.57 1 0
github.com/mdshabbir-ali/code-runtime/internal/database/repository.go:433.2,433.16 1 0
github.com/mdshabbir-ali/code-runtime/internal/database/repository.go:436.73,440.65 3 0
github.com/mdshabbir-ali/code-runtime/internal/database/repository.go:440.65,443.3 2 0
github.com/mdshabbir-ali/code-runtime/internal/database/repository.go:444.2,444.12 1 0
github.com/mdshabbir-ali/code-runtime/internal/database/repository.go:447.80,451.64 3 0
github.com/mdshabbir-ali/code-runtime/internal/database/repository.go:451.64,454.3 2 0
github.com/mdshabbir-ali/code-runtime/internal/database/repository.go:455.2,455.12 1 0
github.com/mdshabbir-ali/code-runtime/internal/database/repository.go:458.94,466.33 4 0
github.com/mdshabbir-ali/code-runtime/internal/database/repository.go:466.33,468.45 2 0
github.com/mdshabbir-ali/code-runtime/internal/database/repository.go:468.45,470.4 1 0
github.com/mdshabbir-ali/code-runtime/internal/database/repository.go:471.3,471.62 1 0
github.com/mdshabbir-ali/code-runtime/internal/database/repository.go:473.2,473.18 1 0
github.com/mdshabbir-ali/code-runtime/internal/database/repository.go:476.90,483.47 3 0
github.com/mdshabbir-ali/code-runtime/internal/database/repository.go:483.47,486.3 2 0
github.com/mdshabbir-ali/code-runtime/internal/database/repository.go:487.2,487.12 1 0
github.com/mdshabbir-ali/code-runtime/internal/database/repository.go:505.44,514.2 1 0
github.com/mdshabbir-ali/code-runtime/internal/runtime/commands.go:13.77,14.62 1 0
github.com/mdshabbir-ali/code-runtime/internal/runtime/commands.go:14.62,16.3 1 0
github.com/mdshabbir-ali/code-runtime/internal/runtime/commands.go:20.2,21.22 2 0
github.com/mdshabbir-ali/code-runtime/internal/runtime/commands.go:26.79,31.16 3 0
github.com/mdshabbir-ali/code-runtime/internal/runtime/commands.go:31.16,33.3 1 0
github.com/mdshabbir-ali/code-runtime/internal/runtime/commands.go:35.2,35.15 1 0
github.com/mdshabbir-ali/code-runtime/internal/runtime/commands.go:41.36,46.24 4 0
github.com/mdshabbir-ali/code-runtime/internal/runtime/commands.go:46.24,47.10 1 0
github.com/mdshabbir-ali/code-runtime/internal/runtime/commands.go:48.17,49.22 1 0
github.com/mdshabbir-ali/code-runtime/internal/runtime/commands.go:50.29,51.21 1 0
github.com/mdshabbir-ali/code-runtime/internal/runtime/commands.go:51.21,54.5 2 0
github.com/mdshabbir-ali/code-runtime/internal/runtime/commands.go:55.11,56.20 1 0
github.com/mdshabbir-ali/code-runtime/internal/runtime/commands.go:59.2,59.19 1 0
github.com/mdshabbir-ali/code-runtime/internal/runtime/commands.go:59.19,61.3 1 0
github.com/mdshabbir-ali/code-runtime/internal/runtime/commands.go:62.2,62.15 1 0
github.com/mdshabbir-ali/code-runtime/internal/runtime/commands.go:72.43,77.2 1 0
github.com/mdshabbir-ali/code-runtime/internal/runtime/commands.go:80.45,85.2 1 0
github.com/mdshabbir-ali/code-runtime/internal/runtime/commands.go:88.46,92.2 1 0
github.com/mdshabbir-ali/code-runtime/internal/runtime/commands.go:95.46,99.2 1 0
github.com/mdshabbir-ali/code-runtime/internal/runtime/commands.go:102.44,106.2 1 0
github.com/mdshabbir-ali/code-runtime/internal/runtime/commands.go:109.48,113.2 1 0
github.com/mdshabbir-ali/code-runtime/internal/runtime/commands.go:116.48,120.2 1 0
github.com/mdshabbir-ali/code-runtime/internal/runtime/commands.go:123.49,127.2 1 0
github.com/mdshabbir-ali/code-runtime/internal/runtime/commands.go:130.47,134.2 1 0
github.com/mdshabbir-ali/code-runtime/internal/runtime/commands.go:142.47,144.2 1 0
github.com/mdshabbir-ali/code-runtime/internal/runtime/commands.go:147.41,151.2 1 0
github.com/mdshabbir-ali/code-runtime/internal/runtime/commands.go:154.27,158.2 1 0
github.com/mdshabbir-ali/code-runtime/internal/runtime/commands.go:161.27,165.2 1 0
github.com/mdshabbir-ali/code-runtime/internal/runtime/commands.go:170.43,172.2 1 0
github.com/mdshabbir-ali/code-runtime/internal/runtime/commands.go:176.46,178.51 2 0
github.com/mdshabbir-ali/code-runtime/internal/runtime/commands.go:178.51,180.3 1 0
github.com/mdshabbir-ali/code-runtime/internal/runtime/commands.go:181.2,181.42 1 0
github.com/mdshabbir-ali/code-runtime/internal/runtime/db_runtime.go:63.126,64.19 1 0
github.com/mdshabbir-ali/code-runtime/internal/runtime/db_runtime.go:64.19,66.3 1 0
github.com/mdshabbir-ali/code-runtime/internal/runtime/db_runtime.go:67.2,72.3 1 0
github.com/mdshabbir-ali/code-runtime/internal/runtime/db_runtime.go:76.103,77.37 1 0
github.com/mdshabbir-ali/code-runtime/internal/runtime/db_runtime.go:78.16,79.35 1 0
github.com/mdshabbir-ali/code-runtime/internal/runtime/db_runtime.go:80.15,81.34 1 0
github.com/mdshabbir-ali/code-runtime/internal/runtime/db_runtime.go:82.32,83.39 1 0
github.com/mdshabbir-ali/code-runtime/internal/runtime/db_runtime.go:84.26,85.36 1 0
github.com/mdshabbir-ali/code-runtime/internal/runtime/db_runtime.go:86.10,87.75 1 0
github.com/mdshabbir-ali/code-runtime/internal/runtime/db_runtime.go:93.109,110.16 4 0
github.com/mdshabbir-ali/code-runtime/internal/runtime/db_runtime.go:110.16,112.3 1 0
github.com/mdshabbir-ali/code-runtime/internal/runtime/db_runtime.go:113.2,113.38 1 0
github.com/mdshabbir-ali/code-runtime/internal/runtime/db_runtime.go:118.108,120.16 2 0
github.com/mdshabbir-ali/code-runtime/internal/runtime/db_runtime.go:120.16,122.3 1 0
github.com/mdshabbir-ali/code-runtime/internal/runtime/db_runtime.go:123.2,147.36 4 0
github.com/mdshabbir-ali/code-runtime/internal/runtime/db_runtime.go:152.113,154.16 2 0
github.com/mdshabbir-ali/code-runtime/internal/runtime/db_runtime.go:154.16,156.3 1 0
github.com/mdshabbir-ali/code-runtime/internal/runtime/db_runtime.go:157.2,183.36 4 0
github.com/mdshabbir-ali/code-runtime/internal/runtime/db_runtime.go:187.110,189.16 2 0
github.com/mdshabbir-ali/code-runtime/internal/runtime/db_runtime.go:189.16,191.3 1 0
github.com/mdshabbir-ali/code-runtime/internal/runtime/db_runtime.go:192.2,214.36 3 0
github.com/mdshabbir-ali/code-runtime/internal/runtime/db_runtime.go:234.107,270.16 8 0
github.com/mdshabbir-ali/code-runtime/internal/runtime/db_runtime.go:270.16,272.3 1 0
github.com/mdshabbir-ali/code-runtime/internal/runtime/db_runtime.go:273.2,281.16 4 0
github.com/mdshabbir-ali/code-runtime/internal/runtime/db_runtime.go:281.16,283.3 1 0
github.com/mdshabbir-ali/code-runtime/internal/runtime/db_runtime.go:284.2,287.95 3 0
github.com/mdshabbir-ali/code-runtime/internal/runtime/db_runtime.go:287.95,289.3 1 0
github.com/mdshabbir-ali/code-runtime/internal/runtime/db_runtime.go:291.2,296.12 5 0
github.com/mdshabbir-ali/code-runtime/internal/runtime/db_runtime.go:296.12,299.3 2 0
github.com/mdshabbir-ali/code-runtime/internal/runtime/db_runtime.go:301.2,306.9 4 0
github.com/mdshabbir-ali/code-runtime/internal/runtime/db_runtime.go:307.28,308.26 1 0
github.com/mdshabbir-ali/code-runtime/internal/runtime/db_runtime.go:308.26,310.4 1 0
github.com/mdshabbir-ali/code-runtime/internal/runtime/db_runtime.go:311.3,311.36 1 0
github.com/mdshabbir-ali/code-runtime/internal/runtime/db_runtime.go:313.26,316.26 3 0
github.com/mdshabbir-ali/code-runtime/internal/runtime/db_runtime.go:316.26,318.4 1 0
github.com/mdshabbir-ali/code-runtime/internal/runtime/db_runtime.go:319.3,319.68 1 0
github.com/mdshabbir-ali/code-runtime/internal/runtime/db_runtime.go:321.23,327.63 6 0
github.com/mdshabbir-ali/code-runtime/internal/runtime/db_runtime.go:330.2,334.19 4 0
github.com/mdshabbir-ali/code-runtime/internal/runtime/db_runtime.go:334.19,336.3 1 0
github.com/mdshabbir-ali/code-runtime/internal/runtime/db_runtime.go:338.2,345.8 1 0
github.com/mdshabbir-ali/code-runtime/internal/runtime/db_runtime.go:348.69,355.2 3 0
github.com/mdshabbir-ali/code-runtime/internal/runtime/db_runtime.go:359.91,368.2 1 0
github.com/mdshabbir-ali/code-runtime/internal/runtime/db_runtime.go:370.50,371.18 1 0
github.com/mdshabbir-ali/code-runtime/internal/runtime/db_runtime.go:371.18,373.3 1 0
github.com/mdshabbir-ali/code-runtime/internal/runtime/db_runtime.go:374.2,374.32 1 0
github.com/mdshabbir-ali/code-runtime/internal/runtime/db_runtime.go:379.93,382.2 2 0
github.com/mdshabbir-ali/code-runtime/internal/runtime/db_runtime.go:390.96,391.51 1 0
github.com/mdshabbir-ali/code-runtime/internal/runtime/db_runtime.go:391.51,393.3 1 0
github.com/mdshabbir-ali/code-runtime/internal/runtime/db_runtime.go:394.2,395.16 2 0
github.com/mdshabbir-ali/code-runtime/internal/runtime/db_runtime.go:395.16,397.3 1 0
github.com/mdshabbir-ali/code-runtime/internal/runtime/db_runtime.go:398.2,398.19 1 0
github.com/mdshabbir-ali/code-runtime/internal/runtime/db_runtime.go:398.19,398.40 1 0
github.com/mdshabbir-ali/code-runtime/internal/runtime/db_runtime.go:400.2,400.44 1 0
github.com/mdshabbir-ali/code-runtime/internal/runtime/db_runtime.go:400.44,403.3 2 0
github.com/mdshabbir-ali/code-runtime/internal/runtime/db_runtime.go:405.2,406.66 2 0
github.com/mdshabbir-ali/code-runtime/internal/runtime/db_runtime.go:406.66,409.3 2 0
github.com/mdshabbir-ali/code-runtime/internal/runtime/db_runtime.go:410.2,410.26 1 0
github.com/mdshabbir-ali/code-runtime/internal/runtime/db_runtime.go:413.72,423.2 1 0
github.com/mdshabbir-ali/code-runtime/internal/runtime/db_runtime.go:425.35,426.12 1 0
github.com/mdshabbir-ali/code-runtime/internal/runtime/db_runtime.go:426.12,428.3 1 0
github.com/mdshabbir-ali/code-runtime/internal/runtime/db_runtime.go:429.2,429.34 1 0
github.com/mdshabbir-ali/code-runtime/internal/runtime/db_runtime.go:429.34,431.3 1 0
github.com/mdshabbir-ali/code-runtime/internal/runtime/db_runtime.go:432.2,432.10 1 0
github.com/mdshabbir-ali/code-runtime/internal/runtime/db_runtime.go:435.30,436.12 1 0
github.com/mdshabbir-ali/code-runtime/internal/runtime/db_runtime.go:436.12,438.3 1 0
github.com/mdshabbir-ali/code-runtime/internal/runtime/db_runtime.go:439.2,439.32 1 0
github.com/mdshabbir-ali/code-runtime/internal/runtime/db_runtime.go:439.32,441.3 1 0
github.com/mdshabbir-ali/code-runtime/internal/runtime/db_runtime.go:442.2,442.10 1 0
github.com/mdshabbir-ali/code-runtime/internal/runtime/db_runtime.go:445.23,447.2 1 0
github.com/mdshabbir-ali/code-runtime/internal/runtime/manager.go:29.110,36.2 1 0
github.com/mdshabbir-ali/code-runtime/internal/runtime/manager.go:42.86,45.37 2 0
github.com/mdshabbir-ali/code-runtime/internal/runtime/manager.go:45.37,48.3 2 0
github.com/mdshabbir-ali/code-runtime/internal/runtime/manager.go:49.2,52.24 2 0
github.com/mdshabbir-ali/code-runtime/internal/runtime/manager.go:52.24,54.17 2 0
github.com/mdshabbir-ali/code-runtime/internal/runtime/manager.go:54.17,56.4 1 0
github.com/mdshabbir-ali/code-runtime/internal/runtime/manager.go:56.9,56.25 1 0
github.com/mdshabbir-ali/code-runtime/internal/runtime/manager.go:56.25,59.4 2 0
github.com/mdshabbir-ali/code-runtime/internal/runtime/manager.go:63.2,64.16 2 0
github.com/mdshabbir-ali/code-runtime/internal/runtime/manager.go:64.16,66.3 1 0
github.com/mdshabbir-ali/code-runtime/internal/runtime/manager.go:69.2,70.24 2 0
github.com/mdshabbir-ali/code-runtime/internal/runtime/manager.go:70.24,71.52 1 0
github.com/mdshabbir-ali/code-runtime/internal/runtime/manager.go:71.52,73.4 1 0
github.com/mdshabbir-ali/code-runtime/internal/runtime/manager.go:75.2,75.18 1 0
github.com/mdshabbir-ali/code-runtime/internal/runtime/manager.go:79.84,81.24 1 0
github.com/mdshabbir-ali/code-runtime/internal/runtime/manager.go:81.24,83.36 2 0
github.com/mdshabbir-ali/code-runtime/internal/runtime/manager.go:83.36,84.29 1 0
github.com/mdshabbir-ali/code-runtime/internal/runtime/manager.go:84.29,86.5 1 0
github.com/mdshabbir-ali/code-runtime/internal/runtime/manager.go:87.4,87.22 1 0
github.com/mdshabbir-ali/code-runtime/internal/runtime/manager.go:92.2,93.16 2 0
github.com/mdshabbir-ali/code-runtime/internal/runtime/manager.go:93.16,95.3 1 0
github.com/mdshabbir-ali/code-runtime/internal/runtime/manager.go:97.2,97.26 1 0
github.com/mdshabbir-ali/code-runtime/internal/runtime/manager.go:97.26,99.3 1 0
github.com/mdshabbir-ali/code-runtime/internal/runtime/manager.go:100.2,103.24 2 0
github.com/mdshabbir-ali/code-runtime/internal/runtime/manager.go:103.24,104.56 1 0
github.com/mdshabbir-ali/code-runtime/internal/runtime/manager.go:104.56,106.4 1 0
github.com/mdshabbir-ali/code-runtime/internal/runtime/manager.go:109.2,109.20 1 0
github.com/mdshabbir-ali/code-runtime/internal/runtime/manager.go:116.59,122.16 5 0
github.com/mdshabbir-ali/code-runtime/internal/runtime/manager.go:122.16,124.3 1 0
github.com/mdshabbir-ali/code-runtime/internal/runtime/manager.go:125.2,125.26 1 0
github.com/mdshabbir-ali/code-runtime/internal/runtime/manager.go:125.26,127.3 1 0
github.com/mdshabbir-ali/code-runtime/internal/runtime/manager.go:128.2,128.24 1 0
github.com/mdshabbir-ali/code-runtime/internal/runtime/manager.go:128.24,129.56 1 0
github.com/mdshabbir-ali/code-runtime/internal/runtime/manager.go:129.56,131.4 1 0
github.com/mdshabbir-ali/code-runtime/internal/runtime/manager.go:133.2,133.12 1 0
github.com/mdshabbir-ali/code-runtime/internal/runtime/manager.go:138.43,142.9 4 0
github.com/mdshabbir-ali/code-runtime/internal/runtime/manager.go:142.9,144.3 1 0
github.com/mdshabbir-ali/code-runtime/internal/runtime/manager.go:145.2,145.24 1 0
github.com/mdshabbir-ali/code-runtime/internal/runtime/manager.go:150.43,154.9 4 0
github.com/mdshabbir-ali/code-runtime/internal/runtime/manager.go:154.9,156.3 1 0
github.com/mdshabbir-ali/code-runtime/internal/runtime/manager.go:157.2,157.65 1 0
github.com/mdshabbir-ali/code-runtime/internal/runtime/manager.go:164.114,166.22 2 0
github.com/mdshabbir-ali/code-runtime/internal/runtime/manager.go:166.22,168.3 1 0
github.com/mdshabbir-ali/code-runtime/internal/runtime/manager.go:171.2,174.22 3 0
github.com/mdshabbir-ali/code-runtime/internal/runtime/manager.go:174.22,176.3 1 0
github.com/mdshabbir-ali/code-runtime/internal/runtime/manager.go:178.2,201.57 5 0
github.com/mdshabbir-ali/code-runtime/internal/runtime/manager.go:201.57,203.3 1 0
github.com/mdshabbir-ali/code-runtime/internal/runtime/manager.go:204.2,204.60 1 0
github.com/mdshabbir-ali/code-runtime/internal/runtime/manager.go:204.60,206.3 1 0
github.com/mdshabbir-ali/code-runtime/internal/runtime/manager.go:207.2,207.55 1 0
github.com/mdshabbir-ali/code-runtime/internal/runtime/manager.go:207.55,209.3 1 0
github.com/mdshabbir-ali/code-runtime/internal/runtime/manager.go:213.2,214.17 2 0
github.com/mdshabbir-ali/code-runtime/internal/runtime/manager.go:215.91,216.35 1 0
github.com/mdshabbir-ali/code-runtime/internal/runtime/manager.go:216.35,218.4 1 0
github.com/mdshabbir-ali/code-runtime/internal/runtime/manager.go:222.2,232.17 3 0
github.com/mdshabbir-ali/code-runtime/internal/runtime/manager.go:233.51,234.30 1 0
github.com/mdshabbir-ali/code-runtime/internal/runtime/manager.go:237.2,237.12 1 0
github.com/mdshabbir-ali/code-runtime/internal/runtime/manager.go:242.48,246.2 3 0
github.com/mdshabbir-ali/code-runtime/internal/runtime/manager.go:249.38,250.34 1 0
github.com/mdshabbir-ali/code-runtime/internal/runtime/manager.go:250.34,252.3 1 0
github.com/mdshabbir-ali/code-runtime/internal/runtime/manager.go:253.2,253.27 1 0
github.com/mdshabbir-ali/code-runtime/internal/runtime/manager.go:257.47,267.17 3 0
github.com/mdshabbir-ali/code-runtime/internal/runtime/manager.go:268.27,270.37 1 0
github.com/mdshabbir-ali/code-runtime/internal/runtime/manager.go:271.25,273.42 1 0
github.com/mdshabbir-ali/code-runtime/internal/runtime/manager.go:274.27,276.38 1 0
github.com/mdshabbir-ali/code-runtime/internal/runtime/manager.go:277.29,279.54 1 0
github.com/mdshabbir-ali/code-runtime/internal/runtime/manager.go:280.29,282.54 1 0
github.com/mdshabbir-ali/code-runtime/internal/runtime/manager.go:283.28,285.53 1 0
github.com/mdshabbir-ali/code-runtime/internal/runtime/manager.go:286.30,289.35 1 0
github.com/mdshabbir-ali/code-runtime/internal/runtime/manager.go:290.30,294.38 1 0
github.com/mdshabbir-ali/code-runtime/internal/runtime/manager.go:297.2,298.21 2 0
github.com/mdshabbir-ali/code-runtime/internal/runtime/manager.go:298.21,300.3 1 0
github.com/mdshabbir-ali/code-runtime/internal/runtime/manager.go:305.2,306.34 2 0
github.com/mdshabbir-ali/code-runtime/internal/runtime/manager.go:306.34,308.3 1 0
github.com/mdshabbir-ali/code-runtime/internal/runtime/manager.go:317.2,318.39 2 0
github.com/mdshabbir-ali/code-runtime/internal/runtime/manager.go:318.39,320.3 1 0
github.com/mdshabbir-ali/code-runtime/internal/runtime/manager.go:322.2,329.34 2 0
github.com/mdshabbir-ali/code-runtime/internal/runtime/manager.go:329.34,334.3 1 0
github.com/mdshabbir-ali/code-runtime/internal/runtime/manager.go:337.2,337.21 1 0
github.com/mdshabbir-ali/code-runtime/internal/runtime/manager.go:338.16,339.42 1 0
github.com/mdshabbir-ali/code-runtime/internal/runtime/manager.go:340.15,341.38 1 0
github.com/mdshabbir-ali/code-runtime/internal/runtime/manager.go:342.20,343.62 1 0
github.com/mdshabbir-ali/code-runtime/internal/runtime/manager.go:346.2,346.12 1 0
github.com/mdshabbir-ali/code-runtime/internal/runtime/manager.go:354.97,357.17 1 0
github.com/mdshabbir-ali/code-runtime/internal/runtime/manager.go:358.24,360.28 2 0
github.com/mdshabbir-ali/code-runtime/internal/runtime/manager.go:360.28,362.4 1 0
github.com/mdshabbir-ali/code-runtime/internal/runtime/manager.go:363.3,363.13 1 0
github.com/mdshabbir-ali/code-runtime/internal/runtime/manager.go:365.26,367.28 2 0
github.com/mdshabbir-ali/code-runtime/internal/runtime/manager.go:367.28,369.4 1 0
github.com/mdshabbir-ali/code-runtime/internal/runtime/manager.go:370.3,370.13 1 0
github.com/mdshabbir-ali/code-runtime/internal/runtime/manager.go:372.27,374.28 2 0
github.com/mdshabbir-ali/code-runtime/internal/runtime/manager.go:374.28,376.4 1 0
github.com/mdshabbir-ali/code-runtime/internal/runtime/manager.go:377.3,377.13 1 0
github.com/mdshabbir-ali/code-runtime/internal/runtime/manager.go:379.27,381.28 2 0
github.com/mdshabbir-ali/code-runtime/internal/runtime/manager.go:381.28,383.4 1 0
github.com/mdshabbir-ali/code-runtime/internal/runtime/manager.go:384.3,384.13 1 0
github.com/mdshabbir-ali/code-runtime/internal/runtime/manager.go:386.25,387.34 1 0
github.com/mdshabbir-ali/code-runtime/internal/runtime/manager.go:389.29,390.38 1 0
github.com/mdshabbir-ali/code-runtime/internal/runtime/manager.go:392.29,393.38 1 0
github.com/mdshabbir-ali/code-runtime/internal/runtime/manager.go:395.30,396.39 1 0
github.com/mdshabbir-ali/code-runtime/internal/runtime/manager.go:398.28,399.37 1 0
github.com/mdshabbir-ali/code-runtime/internal/runtime/manager.go:401.28,402.37 1 0
github.com/mdshabbir-ali/code-runtime/internal/runtime/manager.go:406.2,406.62 1 0
github.com/mdshabbir-ali/code-runtime/internal/runtime/manager.go:406.62,408.3 1 0
github.com/mdshabbir-ali/code-runtime/internal/runtime/manager.go:409.2,409.49 1 0
github.com/mdshabbir-ali/code-runtime/internal/runtime/manager.go:413.93,415.17 1 0
github.com/mdshabbir-ali/code-runtime/internal/runtime/manager.go:416.27,419.28 3 0
github.com/mdshabbir-ali/code-runtime/internal/runtime/manager.go:419.28,421.4 1 0
github.com/mdshabbir-ali/code-runtime/internal/runtime/manager.go:422.3,422.13 1 0
github.com/mdshabbir-ali/code-runtime/internal/runtime/manager.go:424.29,426.28 2 0
github.com/mdshabbir-ali/code-runtime/internal/runtime/manager.go:426.28,428.4 1 0
github.com/mdshabbir-ali/code-runtime/internal/runtime/manager.go:429.3,429.13 1 0
github.com/mdshabbir-ali/code-runtime/internal/runtime/manager.go:431.29,433.28 2 0
github.com/mdshabbir-ali/code-runtime/internal/runtime/manager.go:433.28,435.4 1 0
github.com/mdshabbir-ali/code-runtime/internal/runtime/manager.go:436.3,436.13 1 0
github.com/mdshabbir-ali/code-runtime/internal/runtime/manager.go:438.28,440.28 2 0
github.com/mdshabbir-ali/code-runtime/internal/runtime/manager.go:440.28,442.4 1 0
github.com/mdshabbir-ali/code-runtime/internal/runtime/manager.go:443.3,443.13 1 0
github.com/mdshabbir-ali/code-runtime/internal/runtime/manager.go:447.2,447.62 1 0
github.com/mdshabbir-ali/code-runtime/internal/webhook/dispatcher.go:48.39,56.2 1 0
github.com/mdshabbir-ali/code-runtime/internal/webhook/dispatcher.go:59.47,60.22 1 0
github.com/mdshabbir-ali/code-runtime/internal/webhook/dispatcher.go:60.22,62.3 1 0
github.com/mdshabbir-ali/code-runtime/internal/webhook/dispatcher.go:63.2,63.18 1 0
github.com/mdshabbir-ali/code-runtime/internal/webhook/dispatcher.go:63.18,65.3 1 0
github.com/mdshabbir-ali/code-runtime/internal/webhook/dispatcher.go:66.2,66.19 1 0
github.com/mdshabbir-ali/code-runtime/internal/webhook/dispatcher.go:66.19,68.3 1 0
github.com/mdshabbir-ali/code-runtime/internal/webhook/dispatcher.go:69.2,69.21 1 0
github.com/mdshabbir-ali/code-runtime/internal/webhook/dispatcher.go:69.21,71.3 1 0
github.com/mdshabbir-ali/code-runtime/internal/webhook/dispatcher.go:72.2,72.20 1 0
github.com/mdshabbir-ali/code-runtime/internal/webhook/dispatcher.go:72.20,74.3 1 0
github.com/mdshabbir-ali/code-runtime/internal/webhook/dispatcher.go:75.2,75.10 1 0
github.com/mdshabbir-ali/code-runtime/internal/webhook/dispatcher.go:96.15,98.20 2 0
github.com/mdshabbir-ali/code-runtime/internal/webhook/dispatcher.go:98.20,100.3 1 0
github.com/mdshabbir-ali/code-runtime/internal/webhook/dispatcher.go:101.2,101.100 1 0
github.com/mdshabbir-ali/code-runtime/internal/webhook/dispatcher.go:107.79,109.16 2 0
github.com/mdshabbir-ali/code-runtime/internal/webhook/dispatcher.go:109.16,111.3 1 0
github.com/mdshabbir-ali/code-runtime/internal/webhook/dispatcher.go:112.2,112.54 1 0
github.com/mdshabbir-ali/code-runtime/internal/webhook/dispatcher.go:112.54,115.3 2 0
github.com/mdshabbir-ali/code-runtime/internal/webhook/dispatcher.go:116.2,116.36 1 0
github.com/mdshabbir-ali/code-runtime/internal/webhook/dispatcher.go:122.88,124.16 2 0
github.com/mdshabbir-ali/code-runtime/internal/webhook/dispatcher.go:124.16,126.3 1 0
github.com/mdshabbir-ali/code-runtime/internal/webhook/dispatcher.go:127.2,129.17 3 0
github.com/mdshabbir-ali/code-runtime/internal/webhook/dispatcher.go:129.17,131.3 1 0
github.com/mdshabbir-ali/code-runtime/internal/webhook/dispatcher.go:132.2,132.16 1 0
github.com/mdshabbir-ali/code-runtime/internal/webhook/dispatcher.go:132.16,135.3 2 0
github.com/mdshabbir-ali/code-runtime/internal/webhook/dispatcher.go:136.2,136.42 1 0
github.com/mdshabbir-ali/code-runtime/internal/webhook/dispatcher.go:142.50,145.42 3 0
github.com/mdshabbir-ali/code-runtime/internal/webhook/dispatcher.go:145.42,148.3 2 0
github.com/mdshabbir-ali/code-runtime/internal/webhook/dispatcher.go:149.2,149.31 1 0
github.com/mdshabbir-ali/code-runtime/internal/webhook/dispatcher.go:154.114,156.16 2 0
github.com/mdshabbir-ali/code-runtime/internal/webhook/dispatcher.go:156.16,158.3 1 0
github.com/mdshabbir-ali/code-runtime/internal/webhook/dispatcher.go:159.2,159.54 1 0
github.com/mdshabbir-ali/code-runtime/internal/webhook/dispatcher.go:159.54,161.3 1 0
github.com/mdshabbir-ali/code-runtime/internal/webhook/dispatcher.go:162.2,163.16 2 0
github.com/mdshabbir-ali/code-runtime/internal/webhook/dispatcher.go:163.16,165.3 1 0
github.com/mdshabbir-ali/code-runtime/internal/webhook/dispatcher.go:166.2,167.16 2 0
github.com/mdshabbir-ali/code-runtime/internal/webhook/dispatcher.go:167.16,169.3 1 0
github.com/mdshabbir-ali/code-runtime/internal/webhook/dispatcher.go:170.2,170.55 1 0
github.com/mdshabbir-ali/code-runtime/internal/webhook/dispatcher.go:177.141,182.54 4 0
github.com/mdshabbir-ali/code-runtime/internal/webhook/dispatcher.go:182.54,183.18 1 0
github.com/mdshabbir-ali/code-runtime/internal/webhook/dispatcher.go:183.18,190.11 2 0
github.com/mdshabbir-ali/code-runtime/internal/webhook/dispatcher.go:191.22,193.34 1 0
github.com/mdshabbir-ali/code-runtime/internal/webhook/dispatcher.go:194.29,194.29 0 0
github.com/mdshabbir-ali/code-runtime/internal/webhook/dispatcher.go:196.4,196.63 1 0
github.com/mdshabbir-ali/code-runtime/internal/webhook/dispatcher.go:199.3,200.21 2 0
github.com/mdshabbir-ali/code-runtime/internal/webhook/dispatcher.go:200.21,201.19 1 0
github.com/mdshabbir-ali/code-runtime/internal/webhook/dispatcher.go:201.19,204.5 1 0
github.com/mdshabbir-ali/code-runtime/internal/webhook/dispatcher.go:205.4,205.23 1 0
github.com/mdshabbir-ali/code-runtime/internal/webhook/dispatcher.go:207.3,212.4 1 0
github.com/mdshabbir-ali/code-runtime/internal/webhook/dispatcher.go:214.2,214.115 1 0
github.com/mdshabbir-ali/code-runtime/internal/webhook/dispatcher.go:218.90,219.18 1 0
github.com/mdshabbir-ali/code-runtime/internal/webhook/dispatcher.go:219.18,221.3 1 0
github.com/mdshabbir-ali/code-runtime/internal/webhook/dispatcher.go:222.2,223.21 2 0
github.com/mdshabbir-ali/code-runtime/internal/webhook/dispatcher.go:223.21,225.3 1 0
github.com/mdshabbir-ali/code-runtime/internal/webhook/dispatcher.go:226.2,226.13 1 0
github.com/mdshabbir-ali/code-runtime/internal/webhook/dispatcher.go:231.87,233.101 2 0
github.com/mdshabbir-ali/code-runtime/internal/webhook/dispatcher.go:233.101,236.3 1 0
github.com/mdshabbir-ali/code-runtime/internal/webhook/dispatcher.go:237.2,237.12 1 0
github.com/mdshabbir-ali/code-runtime/internal/webhook/dispatcher.go:241.109,243.16 2 0
github.com/mdshabbir-ali/code-runtime/internal/webhook/dispatcher.go:243.16,245.3 1 0
github.com/mdshabbir-ali/code-runtime/internal/webhook/dispatcher.go:247.2,248.16 2 0
github.com/mdshabbir-ali/code-runtime/internal/webhook/dispatcher.go:248.16,250.3 1 0
github.com/mdshabbir-ali/code-runtime/internal/webhook/dispatcher.go:251.2,255.16 4 0
github.com/mdshabbir-ali/code-runtime/internal/webhook/dispatcher.go:255.16,257.3 1 0
github.com/mdshabbir-ali/code-runtime/internal/webhook/dispatcher.go:258.2,264.46 3 0
github.com/mdshabbir-ali/code-runtime/internal/webhook/dispatcher.go:264.46,271.3 2 0
github.com/mdshabbir-ali/code-runtime/internal/webhook/dispatcher.go:273.2,278.12 2 0
github.com/mdshabbir-ali/code-runtime/internal/webhook/dispatcher.go:286.45,288.16 2 0
github.com/mdshabbir-ali/code-runtime/internal/webhook/dispatcher.go:288.16,290.3 1 0
github.com/mdshabbir-ali/code-runtime/internal/webhook/dispatcher.go:291.2,291.24 1 0
github.com/mdshabbir-ali/code-runtime/internal/models/batch.go:45.35,45.56 1 0
github.com/mdshabbir-ali/code-runtime/internal/models/batch.go:75.33,75.53 1 0
github.com/mdshabbir-ali/code-runtime/internal/models/batch.go:78.35,78.83 1 0
github.com/mdshabbir-ali/code-runtime/internal/models/batch.go:118.66,120.25 2 0
github.com/mdshabbir-ali/code-runtime/internal/models/batch.go:120.25,122.3 1 0
github.com/mdshabbir-ali/code-runtime/internal/models/batch.go:123.2,135.13 2 0
github.com/mdshabbir-ali/code-runtime/internal/models/batch.go:163.69,171.16 2 0
github.com/mdshabbir-ali/code-runtime/internal/models/batch.go:171.16,173.3 1 0
github.com/mdshabbir-ali/code-runtime/internal/models/batch.go:174.2,174.13 1 0
github.com/mdshabbir-ali/code-runtime/internal/models/dto.go:67.81,85.22 2 0
github.com/mdshabbir-ali/code-runtime/internal/models/dto.go:85.22,87.3 1 0
github.com/mdshabbir-ali/code-runtime/internal/models/dto.go:88.2,88.19 1 0
github.com/mdshabbir-ali/code-runtime/internal/models/dto.go:88.19,90.21 2 0
github.com/mdshabbir-ali/code-runtime/internal/models/dto.go:90.21,92.4 1 0
github.com/mdshabbir-ali/code-runtime/internal/models/dto.go:94.2,94.13 1 0
github.com/mdshabbir-ali/code-runtime/internal/models/execution.go:20.47,22.2 1 0
github.com/mdshabbir-ali/code-runtime/internal/models/execution.go:25.50,27.2 1 0
github.com/mdshabbir-ali/code-runtime/internal/models/execution.go:53.41,54.29 1 0
github.com/mdshabbir-ali/code-runtime/internal/models/execution.go:54.29,56.3 1 0
github.com/mdshabbir-ali/code-runtime/internal/models/execution.go:57.2,57.23 1 0
github.com/mdshabbir-ali/code-runtime/internal/models/execution.go:57.23,59.3 1 0
github.com/mdshabbir-ali/code-runtime/internal/models/execution.go:60.2,60.24 1 0
github.com/mdshabbir-ali/code-runtime/internal/models/execution.go:60.24,62.3 1 0
github.com/mdshabbir-ali/code-runtime/internal/models/execution.go:63.2,63.12 1 0
github.com/mdshabbir-ali/code-runtime/internal/models/execution.go:67.40,68.25 1 0
github.com/mdshabbir-ali/code-runtime/internal/models/execution.go:68.25,70.3 1 0
github.com/mdshabbir-ali/code-runtime/internal/models/execution.go:71.2,71.26 1 0
github.com/mdshabbir-ali/code-runtime/internal/models/execution.go:71.26,73.3 1 0
github.com/mdshabbir-ali/code-runtime/internal/models/execution.go:74.2,74.24 1 0
github.com/mdshabbir-ali/code-runtime/internal/models/execution.go:74.24,76.3 1 0
github.com/mdshabbir-ali/code-runtime/internal/models/execution.go:77.2,77.23 1 0
github.com/mdshabbir-ali/code-runtime/internal/models/execution.go:77.23,79.3 1 0
github.com/mdshabbir-ali/code-runtime/internal/models/execution.go:80.2,80.25 1 0
github.com/mdshabbir-ali/code-runtime/internal/models/execution.go:80.25,82.3 1 0
github.com/mdshabbir-ali/code-runtime/internal/models/execution.go:83.2,83.24 1 0
github.com/mdshabbir-ali/code-runtime/internal/models/execution.go:83.24,85.3 1 0
github.com/mdshabbir-ali/code-runtime/internal/models/execution.go:86.2,86.27 1 0
github.com/mdshabbir-ali/code-runtime/internal/models/execution.go:86.27,88.3 1 0
github.com/mdshabbir-ali/code-runtime/internal/models/execution.go:92.54,96.20 4 0
github.com/mdshabbir-ali/code-runtime/internal/models/execution.go:96.20,98.3 1 0
github.com/mdshabbir-ali/code-runtime/internal/models/execution.go:99.2,109.22 11 0
github.com/mdshabbir-ali/code-runtime/internal/models/execution.go:109.22,111.3 1 0
github.com/mdshabbir-ali/code-runtime/internal/models/execution.go:112.2,113.19 2 0
github.com/mdshabbir-ali/code-runtime/internal/models/execution.go:119.40,119.60 1 0
github.com/mdshabbir-ali/code-runtime/internal/models/language.go:75.39,77.2 1 0
github.com/mdshabbir-ali/code-runtime/internal/models/language.go:80.35,82.2 1 0
github.com/mdshabbir-ali/code-runtime/internal/models/language.go:87.36,559.2 1 0
github.com/mdshabbir-ali/code-runtime/internal/models/language.go:582.39,583.42 1 0
github.com/mdshabbir-ali/code-runtime/internal/models/language.go:583.42,589.23 1 0
github.com/mdshabbir-ali/code-runtime/internal/models/language.go:589.23,591.4 1 0
github.com/mdshabbir-ali/code-runtime/internal/models/language.go:593.2,593.12 1 0
github.com/mdshabbir-ali/code-runtime/internal/models/models.go:23.46,24.14 1 0
github.com/mdshabbir-ali/code-runtime/internal/models/models.go:24.14,26.3 1 0
github.com/mdshabbir-ali/code-runtime/internal/models/models.go:27.2,28.16 2 0
github.com/mdshabbir-ali/code-runtime/internal/models/models.go:28.16,30.3 1 0
github.com/mdshabbir-ali/code-runtime/internal/models/models.go:31.2,31.23 1 0
github.com/mdshabbir-ali/code-runtime/internal/models/models.go:34.47,35.18 1 0
github.com/mdshabbir-ali/code-runtime/internal/models/models.go:35.18,38.3 2 0
github.com/mdshabbir-ali/code-runtime/internal/models/models.go:39.2,40.27 2 0
github.com/mdshabbir-ali/code-runtime/internal/models/models.go:41.14,42.12 1 0
github.com/mdshabbir-ali/code-runtime/internal/models/models.go:43.14,44.20 1 0
github.com/mdshabbir-ali/code-runtime/internal/models/models.go:45.10,46.51 1 0
github.com/mdshabbir-ali/code-runtime/internal/models/models.go:48.2,48.33 1 0
github.com/mdshabbir-ali/code-runtime/internal/models/models.go:95.41,95.65 1 0
github.com/mdshabbir-ali/code-runtime/internal/models/models.go:98.53,99.19 1 0
github.com/mdshabbir-ali/code-runtime/internal/models/models.go:99.19,103.3 1 0
github.com/mdshabbir-ali/code-runtime/internal/models/models.go:104.2,104.21 1 0
github.com/mdshabbir-ali/code-runtime/internal/models/models.go:104.21,106.3 1 0
github.com/mdshabbir-ali/code-runtime/internal/models/models.go:107.2,107.12 1 0
github.com/mdshabbir-ali/code-runtime/internal/models/models.go:111.40,111.79 1 0
github.com/mdshabbir-ali/code-runtime/internal/models/models.go:129.40,129.67 1 0
github.com/mdshabbir-ali/code-runtime/internal/models/models.go:148.32,148.50 1 0
github.com/mdshabbir-ali/code-runtime/internal/models/models.go:166.34,166.55 1 0
github.com/mdshabbir-ali/code-runtime/internal/models/models.go:179.34,179.55 1 0
github.com/mdshabbir-ali/code-runtime/internal/models/models.go:186.23,193.2 5 0
github.com/mdshabbir-ali/code-runtime/internal/models/seeds.go:4.34,15.2 1 0
github.com/mdshabbir-ali/code-runtime/internal/models/status.go:28.42,30.2 1 0
github.com/mdshabbir-ali/code-runtime/internal/models/status.go:33.39,35.2 1 0
github.com/mdshabbir-ali/code-runtime/internal/queue/consumer.go:52.77,60.2 1 0
github.com/mdshabbir-ali/code-runtime/internal/queue/consumer.go:88.13,89.19 1 0
github.com/mdshabbir-ali/code-runtime/internal/queue/consumer.go:89.19,91.3 1 0
github.com/mdshabbir-ali/code-runtime/internal/queue/consumer.go:92.2,92.28 1 0
github.com/mdshabbir-ali/code-runtime/internal/queue/consumer.go:92.28,94.3 1 0
github.com/mdshabbir-ali/code-runtime/internal/queue/consumer.go:95.2,95.22 1 0
github.com/mdshabbir-ali/code-runtime/internal/queue/consumer.go:95.22,97.3 1 0
github.com/mdshabbir-ali/code-runtime/internal/queue/consumer.go:98.2,98.25 1 0
github.com/mdshabbir-ali/code-runtime/internal/queue/consumer.go:98.25,100.3 1 0
github.com/mdshabbir-ali/code-runtime/internal/queue/consumer.go:102.2,111.3 1 0
github.com/mdshabbir-ali/code-runtime/internal/queue/consumer.go:116.53,118.15 2 0
github.com/mdshabbir-ali/code-runtime/internal/queue/consumer.go:118.15,121.3 2 0
github.com/mdshabbir-ali/code-runtime/internal/queue/consumer.go:122.2,131.16 7 0
github.com/mdshabbir-ali/code-runtime/internal/queue/consumer.go:131.16,137.3 5 0
github.com/mdshabbir-ali/code-runtime/internal/queue/consumer.go:138.2,150.12 5 0
github.com/mdshabbir-ali/code-runtime/internal/queue/consumer.go:155.33,157.16 2 0
github.com/mdshabbir-ali/code-runtime/internal/queue/consumer.go:157.16,160.3 2 0
github.com/mdshabbir-ali/code-runtime/internal/queue/consumer.go:161.2,165.19 4 0
github.com/mdshabbir-ali/code-runtime/internal/queue/consumer.go:165.19,167.3 1 0
github.com/mdshabbir-ali/code-runtime/internal/queue/consumer.go:168.2,174.12 6 0
github.com/mdshabbir-ali/code-runtime/internal/queue/consumer.go:179.91,194.31 2 0
github.com/mdshabbir-ali/code-runtime/internal/queue/consumer.go:194.31,196.3 1 0
github.com/mdshabbir-ali/code-runtime/internal/queue/consumer.go:199.2,199.82 1 0
github.com/mdshabbir-ali/code-runtime/internal/queue/consumer.go:199.82,201.3 1 0
github.com/mdshabbir-ali/code-runtime/internal/queue/consumer.go:203.2,208.16 2 0
github.com/mdshabbir-ali/code-runtime/internal/queue/consumer.go:208.16,210.3 1 0
github.com/mdshabbir-ali/code-runtime/internal/queue/consumer.go:211.2,211.17 1 0
github.com/mdshabbir-ali/code-runtime/internal/queue/consumer.go:216.50,217.6 1 0
github.com/mdshabbir-ali/code-runtime/internal/queue/consumer.go:217.6,218.10 1 0
github.com/mdshabbir-ali/code-runtime/internal/queue/consumer.go:219.21,220.10 1 0
github.com/mdshabbir-ali/code-runtime/internal/queue/consumer.go:221.11,221.11 0 0
github.com/mdshabbir-ali/code-runtime/internal/queue/consumer.go:224.3,225.17 2 0
github.com/mdshabbir-ali/code-runtime/internal/queue/consumer.go:225.17,226.65 1 0
github.com/mdshabbir-ali/code-runtime/internal/queue/consumer.go:226.65,228.13 1 0
github.com/mdshabbir-ali/code-runtime/internal/queue/consumer.go:230.4,230.11 1 0
github.com/mdshabbir-ali/code-runtime/internal/queue/consumer.go:231.22,232.11 1 0
github.com/mdshabbir-ali/code-runtime/internal/queue/consumer.go:233.12,233.12 0 0
github.com/mdshabbir-ali/code-runtime/internal/queue/consumer.go:235.4,236.12 2 0
github.com/mdshabbir-ali/code-runtime/internal/queue/consumer.go:239.3,239.28 1 0
github.com/mdshabbir-ali/code-runtime/internal/queue/consumer.go:239.28,241.11 1 0
github.com/mdshabbir-ali/code-runtime/internal/queue/consumer.go:242.22,245.11 2 0
github.com/mdshabbir-ali/code-runtime/internal/queue/consumer.go:246.29,246.29 0 0
github.com/mdshabbir-ali/code-runtime/internal/queue/consumer.go:249.4,250.25 2 0
github.com/mdshabbir-ali/code-runtime/internal/queue/consumer.go:250.25,252.18 2 0
github.com/mdshabbir-ali/code-runtime/internal/queue/consumer.go:252.18,252.29 1 0
github.com/mdshabbir-ali/code-runtime/internal/queue/consumer.go:253.5,253.29 1 0
github.com/mdshabbir-ali/code-runtime/internal/queue/consumer.go:262.71,264.16 2 0
github.com/mdshabbir-ali/code-runtime/internal/queue/consumer.go:264.16,271.3 3 0
github.com/mdshabbir-ali/code-runtime/internal/queue/consumer.go:273.2,274.55 2 0
github.com/mdshabbir-ali/code-runtime/internal/queue/consumer.go:274.55,283.3 4 0
github.com/mdshabbir-ali/code-runtime/internal/queue/consumer.go:285.2,299.60 8 0
github.com/mdshabbir-ali/code-runtime/internal/queue/consumer.go:312.3,313.9 1 0
github.com/mdshabbir-ali/code-runtime/internal/queue/consumer.go:314.25,315.33 1 0
github.com/mdshabbir-ali/code-runtime/internal/queue/consumer.go:316.82,317.56 1 0
github.com/mdshabbir-ali/code-runtime/internal/queue/consumer.go:318.10,319.51 1 0
github.com/mdshabbir-ali/code-runtime/internal/queue/consumer.go:324.94,325.34 1 0
github.com/mdshabbir-ali/code-runtime/internal/queue/consumer.go:325.34,327.3 1 0
github.com/mdshabbir-ali/code-runtime/internal/queue/consumer.go:328.2,328.16 1 0
github.com/mdshabbir-ali/code-runtime/internal/queue/consumer.go:328.16,331.3 2 0
github.com/mdshabbir-ali/code-runtime/internal/queue/consumer.go:332.2,336.3 1 0
github.com/mdshabbir-ali/code-runtime/internal/queue/consumer.go:347.3,355.34 3 0
github.com/mdshabbir-ali/code-runtime/internal/queue/consumer.go:355.34,358.3 1 0
github.com/mdshabbir-ali/code-runtime/internal/queue/consumer.go:359.2,359.16 1 0
github.com/mdshabbir-ali/code-runtime/internal/queue/consumer.go:359.16,361.3 1 0
github.com/mdshabbir-ali/code-runtime/internal/queue/consumer.go:370.3,377.77 2 0
github.com/mdshabbir-ali/code-runtime/internal/queue/consumer.go:377.77,379.3 1 0
github.com/mdshabbir-ali/code-runtime/internal/queue/consumer.go:380.2,380.16 1 0
github.com/mdshabbir-ali/code-runtime/internal/queue/consumer.go:380.16,383.3 2 0
github.com/mdshabbir-ali/code-runtime/internal/queue/consumer.go:387.76,388.16 1 0
github.com/mdshabbir-ali/code-runtime/internal/queue/consumer.go:388.16,390.3 1 0
github.com/mdshabbir-ali/code-runtime/internal/queue/consumer.go:391.2,392.9 2 0
github.com/mdshabbir-ali/code-runtime/internal/queue/consumer.go:396.84,397.16 1 0
github.com/mdshabbir-ali/code-runtime/internal/queue/consumer.go:397.16,401.3 1 0
github.com/mdshabbir-ali/code-runtime/internal/queue/consumer.go:406.109,407.18 1 0
github.com/mdshabbir-ali/code-runtime/internal/queue/consumer.go:407.18,413.3 2 0
github.com/mdshabbir-ali/code-runtime/internal/queue/consumer.go:414.2,414.61 1 0
github.com/mdshabbir-ali/code-runtime/internal/queue/consumer.go:414.61,419.3 1 0
github.com/mdshabbir-ali/code-runtime/internal/queue/consumer.go:420.2,420.16 1 0
github.com/mdshabbir-ali/code-runtime/internal/queue/consumer.go:420.16,422.3 1 0
github.com/mdshabbir-ali/code-runtime/internal/queue/consumer.go:426.47,427.9 1 0
github.com/mdshabbir-ali/code-runtime/internal/queue/consumer.go:428.23,429.26 1 0
github.com/mdshabbir-ali/code-runtime/internal/queue/consumer.go:430.23,431.26 1 0
github.com/mdshabbir-ali/code-runtime/internal/queue/consumer.go:432.10,433.26 1 0
github.com/mdshabbir-ali/code-runtime/internal/queue/consumer.go:442.41,442.65 1 0
github.com/mdshabbir-ali/code-runtime/internal/queue/consumer.go:443.41,443.57 1 0
github.com/mdshabbir-ali/code-runtime/internal/queue/consumer.go:446.51,446.87 1 0
github.com/mdshabbir-ali/code-runtime/internal/queue/consumer.go:450.39,453.2 2 0
github.com/mdshabbir-ali/code-runtime/internal/queue/dlq.go:48.140,49.19 1 0
github.com/mdshabbir-ali/code-runtime/internal/queue/dlq.go:49.19,51.3 1 0
github.com/mdshabbir-ali/code-runtime/internal/queue/dlq.go:52.2,52.72 1 0
github.com/mdshabbir-ali/code-runtime/internal/queue/dlq.go:58.103,69.16 4 0
github.com/mdshabbir-ali/code-runtime/internal/queue/dlq.go:69.16,71.3 1 0
github.com/mdshabbir-ali/code-runtime/internal/queue/dlq.go:73.2,87.16 6 0
github.com/mdshabbir-ali/code-runtime/internal/queue/dlq.go:87.16,89.3 1 0
github.com/mdshabbir-ali/code-runtime/internal/queue/dlq.go:91.2,95.12 2 0
github.com/mdshabbir-ali/code-runtime/internal/queue/dlq.go:101.65,112.83 2 0
github.com/mdshabbir-ali/code-runtime/internal/queue/dlq.go:112.83,114.3 1 0
github.com/mdshabbir-ali/code-runtime/internal/queue/dlq.go:116.2,121.16 2 0
github.com/mdshabbir-ali/code-runtime/internal/queue/dlq.go:121.16,123.3 1 0
github.com/mdshabbir-ali/code-runtime/internal/queue/dlq.go:124.2,124.15 1 0
github.com/mdshabbir-ali/code-runtime/internal/queue/dlq.go:124.15,126.3 1 0
github.com/mdshabbir-ali/code-runtime/internal/queue/dlq.go:128.2,130.6 2 0
github.com/mdshabbir-ali/code-runtime/internal/queue/dlq.go:130.6,131.10 1 0
github.com/mdshabbir-ali/code-runtime/internal/queue/dlq.go:132.21,134.14 2 0
github.com/mdshabbir-ali/code-runtime/internal/queue/dlq.go:135.11,135.11 0 0
github.com/mdshabbir-ali/code-runtime/internal/queue/dlq.go:138.3,139.17 2 0
github.com/mdshabbir-ali/code-runtime/internal/queue/dlq.go:139.17,140.65 1 0
github.com/mdshabbir-ali/code-runtime/internal/queue/dlq.go:140.65,141.13 1 0
github.com/mdshabbir-ali/code-runtime/internal/queue/dlq.go:143.4,143.11 1 0
github.com/mdshabbir-ali/code-runtime/internal/queue/dlq.go:144.22,145.15 1 0
github.com/mdshabbir-ali/code-runtime/internal/queue/dlq.go:146.12,146.12 0 0
github.com/mdshabbir-ali/code-runtime/internal/queue/dlq.go:148.4,149.12 2 0
github.com/mdshabbir-ali/code-runtime/internal/queue/dlq.go:152.3,152.28 1 0
github.com/mdshabbir-ali/code-runtime/internal/queue/dlq.go:152.28,153.70 1 0
github.com/mdshabbir-ali/code-runtime/internal/queue/dlq.go:153.70,157.13 3 0
github.com/mdshabbir-ali/code-runtime/internal/queue/dlq.go:159.4,159.17 1 0
github.com/mdshabbir-ali/code-runtime/internal/queue/dlq.go:166.82,168.58 2 0
github.com/mdshabbir-ali/code-runtime/internal/queue/dlq.go:168.58,170.3 1 0
github.com/mdshabbir-ali/code-runtime/internal/queue/dlq.go:172.2,173.16 2 0
github.com/mdshabbir-ali/code-runtime/internal/queue/dlq.go:173.16,175.3 1 0
github.com/mdshabbir-ali/code-runtime/internal/queue/dlq.go:177.2,186.17 2 0
github.com/mdshabbir-ali/code-runtime/internal/queue/dlq.go:186.17,187.97 1 0
github.com/mdshabbir-ali/code-runtime/internal/queue/dlq.go:187.97,193.4 1 0
github.com/mdshabbir-ali/code-runtime/internal/queue/dlq.go:197.2,197.19 1 0
github.com/mdshabbir-ali/code-runtime/internal/queue/dlq.go:197.19,206.18 2 0
github.com/mdshabbir-ali/code-runtime/internal/queue/dlq.go:206.18,211.4 1 0
github.com/mdshabbir-ali/code-runtime/internal/queue/dlq.go:214.2,214.12 1 0
github.com/mdshabbir-ali/code-runtime/internal/queue/dlq.go:220.73,222.17 1 0
github.com/mdshabbir-ali/code-runtime/internal/queue/dlq.go:222.17,224.3 1 0
github.com/mdshabbir-ali/code-runtime/internal/queue/dlq.go:226.2,227.16 2 0
github.com/mdshabbir-ali/code-runtime/internal/queue/dlq.go:227.16,229.3 1 0
github.com/mdshabbir-ali/code-runtime/internal/queue/dlq.go:233.2,234.22 2 0
github.com/mdshabbir-ali/code-runtime/internal/queue/dlq.go:234.22,236.3 1 0
github.com/mdshabbir-ali/code-runtime/internal/queue/dlq.go:237.2,257.76 2 0
github.com/mdshabbir-ali/code-runtime/internal/queue/dlq.go:257.76,259.3 1 0
github.com/mdshabbir-ali/code-runtime/internal/queue/dlq.go:262.2,263.16 2 0
github.com/mdshabbir-ali/code-runtime/internal/queue/dlq.go:263.16,265.3 1 0
github.com/mdshabbir-ali/code-runtime/internal/queue/dlq.go:267.2,273.73 2 0
github.com/mdshabbir-ali/code-runtime/internal/queue/dlq.go:273.73,277.3 2 0
github.com/mdshabbir-ali/code-runtime/internal/queue/dlq.go:279.2,283.19 2 0
github.com/mdshabbir-ali/code-runtime/internal/queue/dlq.go:283.19,290.3 1 0
github.com/mdshabbir-ali/code-runtime/internal/queue/dlq.go:292.2,292.12 1 0
github.com/mdshabbir-ali/code-runtime/internal/queue/nats.go:35.47,45.2 1 0
github.com/mdshabbir-ali/code-runtime/internal/queue/nats.go:58.69,59.19 1 0
github.com/mdshabbir-ali/code-runtime/internal/queue/nats.go:59.19,61.3 1 0
github.com/mdshabbir-ali/code-runtime/internal/queue/nats.go:63.2,75.60 1 0
github.com/mdshabbir-ali/code-runtime/internal/queue/nats.go:75.60,76.18 1 0
github.com/mdshabbir-ali/code-runtime/internal/queue/nats.go:76.18,78.5 1 0
github.com/mdshabbir-ali/code-runtime/internal/queue/nats.go:78.10,80.5 1 0
github.com/mdshabbir-ali/code-runtime/internal/queue/nats.go:82.45,84.4 1 0
github.com/mdshabbir-ali/code-runtime/internal/queue/nats.go:85.42,87.4 1 0
github.com/mdshabbir-ali/code-runtime/internal/queue/nats.go:88.76,90.41 1 0
github.com/mdshabbir-ali/code-runtime/internal/queue/nats.go:90.41,91.20 1 0
github.com/mdshabbir-ali/code-runtime/internal/queue/nats.go:91.20,93.7 1 0
github.com/mdshabbir-ali/code-runtime/internal/queue/nats.go:94.6,94.18 1 0
github.com/mdshabbir-ali/code-runtime/internal/queue/nats.go:101.2,102.16 2 0
github.com/mdshabbir-ali/code-runtime/internal/queue/nats.go:102.16,104.3 1 0
github.com/mdshabbir-ali/code-runtime/internal/queue/nats.go:108.2,108.50 1 0
github.com/mdshabbir-ali/code-runtime/internal/queue/nats.go:108.50,110.3 1 0
github.com/mdshabbir-ali/code-runtime/internal/queue/nats.go:111.2,111.25 1 0
github.com/mdshabbir-ali/code-runtime/internal/queue/nats.go:111.25,114.3 2 0
github.com/mdshabbir-ali/code-runtime/internal/queue/nats.go:116.2,117.16 2 0
github.com/mdshabbir-ali/code-runtime/internal/queue/nats.go:117.16,120.3 2 0
github.com/mdshabbir-ali/code-runtime/internal/queue/nats.go:122.2,124.67 2 0
github.com/mdshabbir-ali/code-runtime/internal/queue/nats.go:128.52,128.67 1 0
github.com/mdshabbir-ali/code-runtime/internal/queue/nats.go:131.36,131.53 1 0
github.com/mdshabbir-ali/code-runtime/internal/queue/nats.go:136.40,177.30 2 0
github.com/mdshabbir-ali/code-runtime/internal/queue/nats.go:177.30,178.45 1 0
github.com/mdshabbir-ali/code-runtime/internal/queue/nats.go:178.45,180.4 1 0
github.com/mdshabbir-ali/code-runtime/internal/queue/nats.go:182.2,183.12 2 0
github.com/mdshabbir-ali/code-runtime/internal/queue/nats.go:188.60,190.16 2 0
github.com/mdshabbir-ali/code-runtime/internal/queue/nats.go:190.16,192.51 1 0
github.com/mdshabbir-ali/code-runtime/internal/queue/nats.go:192.51,194.4 1 0
github.com/mdshabbir-ali/code-runtime/internal/queue/nats.go:195.3,196.13 2 0
github.com/mdshabbir-ali/code-runtime/internal/queue/nats.go:199.2,199.35 1 0
github.com/mdshabbir-ali/code-runtime/internal/queue/nats.go:199.35,201.3 1 0
github.com/mdshabbir-ali/code-runtime/internal/queue/nats.go:204.2,204.47 1 0
github.com/mdshabbir-ali/code-runtime/internal/queue/nats.go:204.47,206.3 1 0
github.com/mdshabbir-ali/code-runtime/internal/queue/nats.go:207.2,208.12 2 0
github.com/mdshabbir-ali/code-runtime/internal/queue/nats.go:212.57,213.27 1 0
github.com/mdshabbir-ali/code-runtime/internal/queue/nats.go:213.27,215.3 1 0
github.com/mdshabbir-ali/code-runtime/internal/queue/nats.go:218.2,220.8 3 0
github.com/mdshabbir-ali/code-runtime/internal/queue/nats.go:220.8,221.61 1 0
github.com/mdshabbir-ali/code-runtime/internal/queue/nats.go:221.61,223.4 1 0
github.com/mdshabbir-ali/code-runtime/internal/queue/nats.go:226.2,226.67 1 0
github.com/mdshabbir-ali/code-runtime/internal/queue/nats.go:226.67,228.3 1 0
github.com/mdshabbir-ali/code-runtime/internal/queue/nats.go:229.2,229.12 1 0
github.com/mdshabbir-ali/code-runtime/internal/queue/nats.go:234.32,236.39 2 0
github.com/mdshabbir-ali/code-runtime/internal/queue/nats.go:236.39,241.3 3 0
github.com/mdshabbir-ali/code-runtime/internal/queue/nats.go:242.2,242.12 1 0
github.com/mdshabbir-ali/code-runtime/internal/queue/priority.go:27.87,28.19 1 0
github.com/mdshabbir-ali/code-runtime/internal/queue/priority.go:28.19,30.3 1 0
github.com/mdshabbir-ali/code-runtime/internal/queue/priority.go:31.2,31.65 1 0
github.com/mdshabbir-ali/code-runtime/internal/queue/priority.go:39.105,40.16 1 0
github.com/mdshabbir-ali/code-runtime/internal/queue/priority.go:40.16,42.3 1 0
github.com/mdshabbir-ali/code-runtime/internal/queue/priority.go:45.2,45.18 1 0
github.com/mdshabbir-ali/code-runtime/internal/queue/priority.go:45.18,47.3 1 0
github.com/mdshabbir-ali/code-runtime/internal/queue/priority.go:48.2,48.19 1 0
github.com/mdshabbir-ali/code-runtime/internal/queue/priority.go:48.19,50.3 1 0
github.com/mdshabbir-ali/code-runtime/internal/queue/priority.go:52.2,53.29 2 0
github.com/mdshabbir-ali/code-runtime/internal/queue/priority.go:53.29,55.3 1 0
github.com/mdshabbir-ali/code-runtime/internal/queue/priority.go:57.2,57.38 1 0
github.com/mdshabbir-ali/code-runtime/internal/queue/priority.go:57.38,63.3 2 0
github.com/mdshabbir-ali/code-runtime/internal/queue/priority.go:65.2,69.42 2 0
github.com/mdshabbir-ali/code-runtime/internal/queue/priority.go:75.113,77.27 2 0
github.com/mdshabbir-ali/code-runtime/internal/queue/priority.go:77.27,78.56 1 0
github.com/mdshabbir-ali/code-runtime/internal/queue/priority.go:78.56,83.23 2 0
github.com/mdshabbir-ali/code-runtime/internal/queue/priority.go:83.23,85.5 1 0
github.com/mdshabbir-ali/code-runtime/internal/queue/priority.go:88.2,88.17 1 0
github.com/mdshabbir-ali/code-runtime/internal/queue/publisher.go:50.90,51.19 1 0
github.com/mdshabbir-ali/code-runtime/internal/queue/publisher.go:51.19,53.3 1 0
github.com/mdshabbir-ali/code-runtime/internal/queue/publisher.go:54.2,54.67 1 0
github.com/mdshabbir-ali/code-runtime/internal/queue/publisher.go:60.89,62.2 1 0
github.com/mdshabbir-ali/code-runtime/internal/queue/publisher.go:66.97,68.2 1 0
github.com/mdshabbir-ali/code-runtime/internal/queue/publisher.go:74.94,75.20 1 0
github.com/mdshabbir-ali/code-runtime/internal/queue/publisher.go:75.20,77.3 1 0
github.com/mdshabbir-ali/code-runtime/internal/queue/publisher.go:79.2,88.27 3 0
github.com/mdshabbir-ali/code-runtime/internal/queue/publisher.go:88.27,90.17 2 0
github.com/mdshabbir-ali/code-runtime/internal/queue/publisher.go:90.17,92.4 1 0
github.com/mdshabbir-ali/code-runtime/internal/queue/publisher.go:94.3,101.17 3 0
github.com/mdshabbir-ali/code-runtime/internal/queue/publisher.go:101.17,103.4 1 0
github.com/mdshabbir-ali/code-runtime/internal/queue/publisher.go:104.3,107.49 1 0
github.com/mdshabbir-ali/code-runtime/internal/queue/publisher.go:111.2,112.28 2 0
github.com/mdshabbir-ali/code-runtime/internal/queue/publisher.go:112.28,113.10 1 0
github.com/mdshabbir-ali/code-runtime/internal/queue/publisher.go:114.21,115.66 1 0
github.com/mdshabbir-ali/code-runtime/internal/queue/publisher.go:116.34,120.5 1 0
github.com/mdshabbir-ali/code-runtime/internal/queue/publisher.go:121.32,126.23 2 0
github.com/mdshabbir-ali/code-runtime/internal/queue/publisher.go:126.23,128.5 1 0
github.com/mdshabbir-ali/code-runtime/internal/queue/publisher.go:131.2,131.17 1 0
github.com/mdshabbir-ali/code-runtime/internal/queue/publisher.go:137.111,139.16 2 0
github.com/mdshabbir-ali/code-runtime/internal/queue/publisher.go:139.16,141.3 1 0
github.com/mdshabbir-ali/code-runtime/internal/queue/publisher.go:143.2,152.59 4 0
github.com/mdshabbir-ali/code-runtime/internal/queue/publisher.go:152.59,153.18 1 0
github.com/mdshabbir-ali/code-runtime/internal/queue/publisher.go:153.18,154.11 1 0
github.com/mdshabbir-ali/code-runtime/internal/queue/publisher.go:155.22,156.96 1 0
github.com/mdshabbir-ali/code-runtime/internal/queue/publisher.go:157.31,158.17 1 0
github.com/mdshabbir-ali/code-runtime/internal/queue/publisher.go:162.3,163.53 2 0
github.com/mdshabbir-ali/code-runtime/internal/queue/publisher.go:163.53,167.4 3 0
github.com/mdshabbir-ali/code-runtime/internal/queue/publisher.go:169.3,170.21 2 0
github.com/mdshabbir-ali/code-runtime/internal/queue/publisher.go:170.21,176.58 2 0
github.com/mdshabbir-ali/code-runtime/internal/queue/publisher.go:176.58,178.23 2 0
github.com/mdshabbir-ali/code-runtime/internal/queue/publisher.go:178.23,180.6 1 0
github.com/mdshabbir-ali/code-runtime/internal/queue/publisher.go:181.5,181.69 1 0
github.com/mdshabbir-ali/code-runtime/internal/queue/publisher.go:183.4,183.14 1 0
github.com/mdshabbir-ali/code-runtime/internal/queue/publisher.go:186.3,186.37 1 0
github.com/mdshabbir-ali/code-runtime/internal/queue/publisher.go:186.37,188.4 1 0
github.com/mdshabbir-ali/code-runtime/internal/queue/publisher.go:190.3,194.4 1 0
github.com/mdshabbir-ali/code-runtime/internal/queue/publisher.go:197.2,198.60 1 0
github.com/mdshabbir-ali/code-runtime/internal/queue/publisher.go:204.57,210.27 6 0
github.com/mdshabbir-ali/code-runtime/internal/queue/publisher.go:210.27,212.3 1 0
github.com/mdshabbir-ali/code-runtime/internal/queue/publisher.go:213.2,213.10 1 0
github.com/mdshabbir-ali/code-runtime/internal/queue/publisher.go:218.43,219.16 1 0
github.com/mdshabbir-ali/code-runtime/internal/queue/publisher.go:219.16,221.3 1 0
github.com/mdshabbir-ali/code-runtime/internal/queue/publisher.go:222.2,222.13 1 0
github.com/mdshabbir-ali/code-runtime/internal/queue/publisher.go:227.19,228.14 1 0
github.com/mdshabbir-ali/code-runtime/internal/queue/publisher.go:230.2,230.14 1 0
github.com/mdshabbir-ali/code-runtime/internal/queue/publisher.go:241.107,248.16 6 0
github.com/mdshabbir-ali/code-runtime/internal/queue/publisher.go:248.16,250.3 1 0
github.com/mdshabbir-ali/code-runtime/internal/queue/publisher.go:252.2,252.45 1 0
github.com/mdshabbir-ali/code-runtime/internal/queue/publisher.go:256.33,257.21 1 0
github.com/mdshabbir-ali/code-runtime/internal/queue/publisher.go:257.21,259.3 1 0
github.com/mdshabbir-ali/code-runtime/internal/queue/queue.go:35.40,36.21 1 0
github.com/mdshabbir-ali/code-runtime/internal/queue/queue.go:36.21,38.3 1 0
github.com/mdshabbir-ali/code-runtime/internal/queue/queue.go:39.2,39.23 1 0
github.com/mdshabbir-ali/code-runtime/internal/queue/queue.go:59.96,65.60 1 0
github.com/mdshabbir-ali/code-runtime/internal/queue/queue.go:65.60,66.18 1 0
github.com/mdshabbir-ali/code-runtime/internal/queue/queue.go:66.18,68.5 1 0
github.com/mdshabbir-ali/code-runtime/internal/queue/queue.go:70.45,72.4 1 0
github.com/mdshabbir-ali/code-runtime/internal/queue/queue.go:73.42,75.4 1 0
github.com/mdshabbir-ali/code-runtime/internal/queue/queue.go:78.2,79.16 2 0
github.com/mdshabbir-ali/code-runtime/internal/queue/queue.go:79.16,81.3 1 0
github.com/mdshabbir-ali/code-runtime/internal/queue/queue.go:83.2,89.8 2 0
github.com/mdshabbir-ali/code-runtime/internal/queue/queue.go:93.80,96.16 3 0
github.com/mdshabbir-ali/code-runtime/internal/queue/queue.go:96.16,98.3 1 0
github.com/mdshabbir-ali/code-runtime/internal/queue/queue.go:100.2,100.53 1 0
github.com/mdshabbir-ali/code-runtime/internal/queue/queue.go:100.53,102.3 1 0
github.com/mdshabbir-ali/code-runtime/internal/queue/queue.go:104.2,105.12 2 0
github.com/mdshabbir-ali/code-runtime/internal/queue/queue.go:109.39,110.19 1 0
github.com/mdshabbir-ali/code-runtime/internal/queue/queue.go:110.19,116.3 5 0
github.com/mdshabbir-ali/code-runtime/internal/queue/queue.go:122.68,122.82 1 0
github.com/mdshabbir-ali/code-runtime/internal/queue/queue.go:123.34,123.87 0 0
github.com/mdshabbir-ali/code-runtime/internal/queue/wait.go:42.83,43.19 1 0
github.com/mdshabbir-ali/code-runtime/internal/queue/wait.go:43.19,45.3 1 0
github.com/mdshabbir-ali/code-runtime/internal/queue/wait.go:46.2,46.49 1 0
github.com/mdshabbir-ali/code-runtime/internal/queue/wait.go:55.132,56.18 1 0
github.com/mdshabbir-ali/code-runtime/internal/queue/wait.go:56.18,58.3 1 0
github.com/mdshabbir-ali/code-runtime/internal/queue/wait.go:60.2,65.97 3 0
github.com/mdshabbir-ali/code-runtime/internal/queue/wait.go:65.97,67.3 1 0
github.com/mdshabbir-ali/code-runtime/internal/queue/wait.go:71.2,72.15 2 0
github.com/mdshabbir-ali/code-runtime/internal/queue/wait.go:72.15,72.34 1 0
github.com/mdshabbir-ali/code-runtime/internal/queue/wait.go:76.2,76.97 1 0
github.com/mdshabbir-ali/code-runtime/internal/queue/wait.go:76.97,78.3 1 0
github.com/mdshabbir-ali/code-runtime/internal/queue/wait.go:80.2,80.53 1 0
github.com/mdshabbir-ali/code-runtime/internal/queue/wait.go:89.39,98.12 3 0
github.com/mdshabbir-ali/code-runtime/internal/queue/wait.go:98.12,101.3 2 0
github.com/mdshabbir-ali/code-runtime/internal/queue/wait.go:103.2,105.6 2 0
github.com/mdshabbir-ali/code-runtime/internal/queue/wait.go:105.6,106.10 1 0
github.com/mdshabbir-ali/code-runtime/internal/queue/wait.go:107.21,108.54 1 0
github.com/mdshabbir-ali/code-runtime/internal/queue/wait.go:108.54,110.5 1 0
github.com/mdshabbir-ali/code-runtime/internal/queue/wait.go:111.4,111.66 1 0
github.com/mdshabbir-ali/code-runtime/internal/queue/wait.go:113.27,114.11 1 0
github.com/mdshabbir-ali/code-runtime/internal/queue/wait.go:114.11,121.5 3 0
github.com/mdshabbir-ali/code-runtime/internal/queue/wait.go:122.4,122.18 1 0
github.com/mdshabbir-ali/code-runtime/internal/queue/wait.go:122.18,123.13 1 0
github.com/mdshabbir-ali/code-runtime/internal/queue/wait.go:126.4,127.18 2 0
github.com/mdshabbir-ali/code-runtime/internal/queue/wait.go:127.18,132.13 2 0
github.com/mdshabbir-ali/code-runtime/internal/queue/wait.go:134.4,134.43 1 0
github.com/mdshabbir-ali/code-runtime/internal/queue/wait.go:134.43,136.5 1 0
github.com/mdshabbir-ali/code-runtime/internal/queue/wait.go:139.25,140.26 1 0
github.com/mdshabbir-ali/code-runtime/internal/queue/wait.go:148.109,153.6 4 0
github.com/mdshabbir-ali/code-runtime/internal/queue/wait.go:153.6,154.10 1 0
github.com/mdshabbir-ali/code-runtime/internal/queue/wait.go:155.21,156.54 1 0
github.com/mdshabbir-ali/code-runtime/internal/queue/wait.go:156.54,158.5 1 0
github.com/mdshabbir-ali/code-runtime/internal/queue/wait.go:159.4,159.66 1 0
github.com/mdshabbir-ali/code-runtime/internal/queue/wait.go:161.18,163.18 2 0
github.com/mdshabbir-ali/code-runtime/internal/queue/wait.go:163.18,169.5 1 0
github.com/mdshabbir-ali/code-runtime/internal/queue/wait.go:169.10,169.50 1 0
github.com/mdshabbir-ali/code-runtime/internal/queue/wait.go:169.50,171.5 1 0
github.com/mdshabbir-ali/code-runtime/internal/queue/wait.go:174.4,175.34 2 0
github.com/mdshabbir-ali/code-runtime/internal/queue/wait.go:175.34,177.5 1 0
github.com/mdshabbir-ali/code-runtime/internal/queue/wait.go:178.4,178.21 1 0
github.com/mdshabbir-ali/code-runtime/internal/queue/wait.go:178.21,179.12 1 0
github.com/mdshabbir-ali/code-runtime/internal/queue/wait.go:180.20,180.20 0 0
github.com/mdshabbir-ali/code-runtime/internal/queue/wait.go:181.13,181.13 0 0
github.com/mdshabbir-ali/code-runtime/internal/queue/wait.go:184.4,184.25 1 0
github.com/mdshabbir-ali/code-runtime/internal/queue/wait.go:190.59,192.2 1 0
github.com/mdshabbir-ali/code-runtime/internal/metrics/api_metrics.go:24.50,25.21 1 0
github.com/mdshabbir-ali/code-runtime/internal/metrics/api_metrics.go:25.21,27.3 1 0
github.com/mdshabbir-ali/code-runtime/internal/metrics/api_metrics.go:28.2,87.3 2 0
github.com/mdshabbir-ali/code-runtime/internal/metrics/api_metrics.go:91.98,95.2 3 0
github.com/mdshabbir-ali/code-runtime/internal/metrics/metrics.go:24.37,25.21 1 0
github.com/mdshabbir-ali/code-runtime/internal/metrics/metrics.go:25.21,27.3 1 0
github.com/mdshabbir-ali/code-runtime/internal/metrics/metrics.go:29.2,110.3 1 0
github.com/mdshabbir-ali/code-runtime/internal/sandbox/constraints.go:26.61,29.27 2 0
github.com/mdshabbir-ali/code-runtime/internal/sandbox/constraints.go:29.27,31.3 1 0
github.com/mdshabbir-ali/code-runtime/internal/sandbox/constraints.go:32.2,32.28 1 0
github.com/mdshabbir-ali/code-runtime/internal/sandbox/constraints.go:32.28,34.3 1 0
github.com/mdshabbir-ali/code-runtime/internal/sandbox/constraints.go:35.2,35.26 1 0
github.com/mdshabbir-ali/code-runtime/internal/sandbox/constraints.go:35.26,37.3 1 0
github.com/mdshabbir-ali/code-runtime/internal/sandbox/constraints.go:38.2,38.25 1 0
github.com/mdshabbir-ali/code-runtime/internal/sandbox/constraints.go:38.25,40.3 1 0
github.com/mdshabbir-ali/code-runtime/internal/sandbox/constraints.go:41.2,41.27 1 0
github.com/mdshabbir-ali/code-runtime/internal/sandbox/constraints.go:41.27,43.3 1 0
github.com/mdshabbir-ali/code-runtime/internal/sandbox/constraints.go:44.2,44.26 1 0
github.com/mdshabbir-ali/code-runtime/internal/sandbox/constraints.go:44.26,46.3 1 0
github.com/mdshabbir-ali/code-runtime/internal/sandbox/constraints.go:48.2,48.13 1 0
github.com/mdshabbir-ali/code-runtime/internal/sandbox/constraints.go:53.55,56.26 2 0
github.com/mdshabbir-ali/code-runtime/internal/sandbox/constraints.go:56.26,58.3 1 0
github.com/mdshabbir-ali/code-runtime/internal/sandbox/constraints.go:59.2,59.40 1 0
github.com/mdshabbir-ali/code-runtime/internal/sandbox/constraints.go:59.40,61.3 1 0
github.com/mdshabbir-ali/code-runtime/internal/sandbox/constraints.go:63.2,63.27 1 0
github.com/mdshabbir-ali/code-runtime/internal/sandbox/constraints.go:63.27,65.3 1 0
github.com/mdshabbir-ali/code-runtime/internal/sandbox/constraints.go:66.2,66.42 1 0
github.com/mdshabbir-ali/code-runtime/internal/sandbox/constraints.go:66.42,68.3 1 0
github.com/mdshabbir-ali/code-runtime/internal/sandbox/constraints.go:70.2,70.25 1 0
github.com/mdshabbir-ali/code-runtime/internal/sandbox/constraints.go:70.25,72.3 1 0
github.com/mdshabbir-ali/code-runtime/internal/sandbox/constraints.go:73.2,73.38 1 0
github.com/mdshabbir-ali/code-runtime/internal/sandbox/constraints.go:73.38,75.3 1 0
github.com/mdshabbir-ali/code-runtime/internal/sandbox/constraints.go:77.2,77.21 1 0
github.com/mdshabbir-ali/code-runtime/internal/sandbox/constraints.go:77.21,79.3 1 0
github.com/mdshabbir-ali/code-runtime/internal/sandbox/constraints.go:81.2,81.20 1 0
github.com/mdshabbir-ali/code-runtime/internal/sandbox/constraints.go:81.20,83.3 1 0
github.com/mdshabbir-ali/code-runtime/internal/sandbox/constraints.go:85.2,86.25 2 0
github.com/mdshabbir-ali/code-runtime/internal/sandbox/constraints.go:86.25,88.3 1 0
github.com/mdshabbir-ali/code-runtime/internal/sandbox/constraints.go:89.2,89.24 1 0
github.com/mdshabbir-ali/code-runtime/internal/sandbox/constraints.go:103.64,104.36 1 0
github.com/mdshabbir-ali/code-runtime/internal/sandbox/constraints.go:104.36,106.3 1 0
github.com/mdshabbir-ali/code-runtime/internal/sandbox/constraints.go:107.2,108.15 2 0
github.com/mdshabbir-ali/code-runtime/internal/sandbox/constraints.go:108.15,110.3 1 0
github.com/mdshabbir-ali/code-runtime/internal/sandbox/constraints.go:111.2,112.22 2 0
github.com/mdshabbir-ali/code-runtime/internal/sandbox/constraints.go:112.22,114.3 1 0
github.com/mdshabbir-ali/code-runtime/internal/sandbox/constraints.go:115.2,115.14 1 0
github.com/mdshabbir-ali/code-runtime/internal/sandbox/docker.go:86.106,87.23 1 0
github.com/mdshabbir-ali/code-runtime/internal/sandbox/docker.go:87.23,89.3 1 0
github.com/mdshabbir-ali/code-runtime/internal/sandbox/docker.go:90.2,90.24 1 0
github.com/mdshabbir-ali/code-runtime/internal/sandbox/docker.go:90.24,92.3 1 0
github.com/mdshabbir-ali/code-runtime/internal/sandbox/docker.go:93.2,93.26 1 0
github.com/mdshabbir-ali/code-runtime/internal/sandbox/docker.go:93.26,95.3 1 0
github.com/mdshabbir-ali/code-runtime/internal/sandbox/docker.go:96.2,96.24 1 0
github.com/mdshabbir-ali/code-runtime/internal/sandbox/docker.go:96.24,98.3 1 0
github.com/mdshabbir-ali/code-runtime/internal/sandbox/docker.go:99.2,99.24 1 0
github.com/mdshabbir-ali/code-runtime/internal/sandbox/docker.go:99.24,101.3 1 0
github.com/mdshabbir-ali/code-runtime/internal/sandbox/docker.go:106.2,110.16 2 0
github.com/mdshabbir-ali/code-runtime/internal/sandbox/docker.go:110.16,112.3 1 0
github.com/mdshabbir-ali/code-runtime/internal/sandbox/docker.go:114.2,116.50 3 0
github.com/mdshabbir-ali/code-runtime/internal/sandbox/docker.go:116.50,118.3 1 0
github.com/mdshabbir-ali/code-runtime/internal/sandbox/docker.go:120.2,128.8 2 0
github.com/mdshabbir-ali/code-runtime/internal/sandbox/docker.go:132.39,134.2 1 0
github.com/mdshabbir-ali/code-runtime/internal/sandbox/docker.go:137.48,139.2 1 0
github.com/mdshabbir-ali/code-runtime/internal/sandbox/docker.go:143.49,145.2 1 0
github.com/mdshabbir-ali/code-runtime/internal/sandbox/docker.go:150.103,152.49 2 0
github.com/mdshabbir-ali/code-runtime/internal/sandbox/docker.go:152.49,154.3 1 0
github.com/mdshabbir-ali/code-runtime/internal/sandbox/docker.go:157.2,159.52 3 0
github.com/mdshabbir-ali/code-runtime/internal/sandbox/docker.go:159.52,161.3 1 0
github.com/mdshabbir-ali/code-runtime/internal/sandbox/docker.go:168.2,168.49 1 0
github.com/mdshabbir-ali/code-runtime/internal/sandbox/docker.go:168.49,170.3 1 0
github.com/mdshabbir-ali/code-runtime/internal/sandbox/docker.go:171.2,175.80 3 0
github.com/mdshabbir-ali/code-runtime/internal/sandbox/docker.go:175.80,177.3 1 0
github.com/mdshabbir-ali/code-runtime/internal/sandbox/docker.go:180.2,181.74 2 0
github.com/mdshabbir-ali/code-runtime/internal/sandbox/docker.go:181.74,183.3 1 0
github.com/mdshabbir-ali/code-runtime/internal/sandbox/docker.go:186.2,186.64 1 0
github.com/mdshabbir-ali/code-runtime/internal/sandbox/docker.go:186.64,188.3 1 0
github.com/mdshabbir-ali/code-runtime/internal/sandbox/docker.go:190.2,194.33 3 0
github.com/mdshabbir-ali/code-runtime/internal/sandbox/docker.go:194.33,196.17 2 0
github.com/mdshabbir-ali/code-runtime/internal/sandbox/docker.go:196.17,198.4 1 0
github.com/mdshabbir-ali/code-runtime/internal/sandbox/docker.go:199.3,206.31 3 0
github.com/mdshabbir-ali/code-runtime/internal/sandbox/docker.go:206.31,210.4 3 0
github.com/mdshabbir-ali/code-runtime/internal/sandbox/docker.go:214.2,218.16 4 0
github.com/mdshabbir-ali/code-runtime/internal/sandbox/docker.go:218.16,220.21 1 0
github.com/mdshabbir-ali/code-runtime/internal/sandbox/docker.go:220.21,228.4 7 0
github.com/mdshabbir-ali/code-runtime/internal/sandbox/docker.go:228.9,232.4 3 0
github.com/mdshabbir-ali/code-runtime/internal/sandbox/docker.go:233.3,233.21 1 0
github.com/mdshabbir-ali/code-runtime/internal/sandbox/docker.go:237.2,246.20 9 0
github.com/mdshabbir-ali/code-runtime/internal/sandbox/docker.go:278.54,280.32 2 0
github.com/mdshabbir-ali/code-runtime/internal/sandbox/docker.go:280.32,282.3 1 0
github.com/mdshabbir-ali/code-runtime/internal/sandbox/docker.go:283.2,283.13 1 0
github.com/mdshabbir-ali/code-runtime/internal/sandbox/docker.go:296.29,300.20 2 0
github.com/mdshabbir-ali/code-runtime/internal/sandbox/docker.go:300.20,302.3 1 0
github.com/mdshabbir-ali/code-runtime/internal/sandbox/docker.go:303.2,304.19 2 0
github.com/mdshabbir-ali/code-runtime/internal/sandbox/docker.go:304.19,306.3 1 0
github.com/mdshabbir-ali/code-runtime/internal/sandbox/docker.go:307.2,354.15 6 0
github.com/mdshabbir-ali/code-runtime/internal/sandbox/docker.go:354.15,356.3 1 0
github.com/mdshabbir-ali/code-runtime/internal/sandbox/docker.go:357.2,363.16 5 0
github.com/mdshabbir-ali/code-runtime/internal/sandbox/docker.go:363.16,365.3 1 0
github.com/mdshabbir-ali/code-runtime/internal/sandbox/docker.go:366.2,376.16 4 0
github.com/mdshabbir-ali/code-runtime/internal/sandbox/docker.go:376.16,378.3 1 0
github.com/mdshabbir-ali/code-runtime/internal/sandbox/docker.go:379.2,383.95 3 0
github.com/mdshabbir-ali/code-runtime/internal/sandbox/docker.go:383.95,385.3 1 0
github.com/mdshabbir-ali/code-runtime/internal/sandbox/docker.go:387.2,391.21 4 0
github.com/mdshabbir-ali/code-runtime/internal/sandbox/docker.go:391.21,392.13 1 0
github.com/mdshabbir-ali/code-runtime/internal/sandbox/docker.go:392.13,395.8 3 0
github.com/mdshabbir-ali/code-runtime/internal/sandbox/docker.go:395.8,406.46 2 0
github.com/mdshabbir-ali/code-runtime/internal/sandbox/docker.go:406.46,407.11 1 0
github.com/mdshabbir-ali/code-runtime/internal/sandbox/docker.go:409.5,409.47 1 0
github.com/mdshabbir-ali/code-runtime/internal/sandbox/docker.go:409.47,411.6 1 0
github.com/mdshabbir-ali/code-runtime/internal/sandbox/docker.go:412.5,412.57 1 0
github.com/mdshabbir-ali/code-runtime/internal/sandbox/docker.go:412.57,414.6 1 0
github.com/mdshabbir-ali/code-runtime/internal/sandbox/docker.go:420.2,420.17 1 0
github.com/mdshabbir-ali/code-runtime/internal/sandbox/docker.go:420.17,421.13 1 0
github.com/mdshabbir-ali/code-runtime/internal/sandbox/docker.go:421.13,424.4 2 0
github.com/mdshabbir-ali/code-runtime/internal/sandbox/docker.go:428.2,435.12 5 0
github.com/mdshabbir-ali/code-runtime/internal/sandbox/docker.go:435.12,438.3 2 0
github.com/mdshabbir-ali/code-runtime/internal/sandbox/docker.go:441.2,447.9 5 0
github.com/mdshabbir-ali/code-runtime/internal/sandbox/docker.go:448.28,449.26 1 0
github.com/mdshabbir-ali/code-runtime/internal/sandbox/docker.go:449.26,451.4 1 0
github.com/mdshabbir-ali/code-runtime/internal/sandbox/docker.go:452.3,452.36 1 0
github.com/mdshabbir-ali/code-runtime/internal/sandbox/docker.go:453.22,454.26 1 0
github.com/mdshabbir-ali/code-runtime/internal/sandbox/docker.go:454.26,456.4 1 0
github.com/mdshabbir-ali/code-runtime/internal/sandbox/docker.go:456.9,458.4 1 0
github.com/mdshabbir-ali/code-runtime/internal/sandbox/docker.go:459.23,460.18 1 0
github.com/mdshabbir-ali/code-runtime/internal/sandbox/docker.go:463.2,463.14 1 0
github.com/mdshabbir-ali/code-runtime/internal/sandbox/docker.go:463.14,479.3 6 0
github.com/mdshabbir-ali/code-runtime/internal/sandbox/docker.go:481.2,486.47 4 0
github.com/mdshabbir-ali/code-runtime/internal/sandbox/docker.go:486.47,488.30 1 0
github.com/mdshabbir-ali/code-runtime/internal/sandbox/docker.go:488.30,496.4 1 0
github.com/mdshabbir-ali/code-runtime/internal/sandbox/docker.go:499.2,505.19 4 0
github.com/mdshabbir-ali/code-runtime/internal/sandbox/docker.go:505.19,507.3 1 0
github.com/mdshabbir-ali/code-runtime/internal/sandbox/docker.go:509.2,510.19 2 0
github.com/mdshabbir-ali/code-runtime/internal/sandbox/docker.go:510.19,512.3 1 0
github.com/mdshabbir-ali/code-runtime/internal/sandbox/docker.go:514.2,525.17 2 0
github.com/mdshabbir-ali/code-runtime/internal/sandbox/docker.go:529.80,530.27 1 0
github.com/mdshabbir-ali/code-runtime/internal/sandbox/docker.go:530.27,532.3 1 0
github.com/mdshabbir-ali/code-runtime/internal/sandbox/docker.go:533.2,533.19 1 0
github.com/mdshabbir-ali/code-runtime/internal/sandbox/docker.go:533.19,535.3 1 0
github.com/mdshabbir-ali/code-runtime/internal/sandbox/docker.go:536.2,536.79 1 0
github.com/mdshabbir-ali/code-runtime/internal/sandbox/docker.go:536.79,538.3 1 0
github.com/mdshabbir-ali/code-runtime/internal/sandbox/docker.go:539.2,539.27 1 0
github.com/mdshabbir-ali/code-runtime/internal/sandbox/docker.go:543.73,550.2 3 0
github.com/mdshabbir-ali/code-runtime/internal/sandbox/docker.go:554.48,555.31 1 0
github.com/mdshabbir-ali/code-runtime/internal/sandbox/docker.go:555.31,557.3 1 0
github.com/mdshabbir-ali/code-runtime/internal/sandbox/docker.go:558.2,558.21 1 0
github.com/mdshabbir-ali/code-runtime/internal/sandbox/docker.go:566.67,572.6 4 0
github.com/mdshabbir-ali/code-runtime/internal/sandbox/docker.go:572.6,574.17 2 0
github.com/mdshabbir-ali/code-runtime/internal/sandbox/docker.go:574.17,575.51 1 0
github.com/mdshabbir-ali/code-runtime/internal/sandbox/docker.go:575.51,577.5 1 0
github.com/mdshabbir-ali/code-runtime/internal/sandbox/docker.go:578.4,578.23 1 0
github.com/mdshabbir-ali/code-runtime/internal/sandbox/docker.go:581.3,586.21 4 0
github.com/mdshabbir-ali/code-runtime/internal/sandbox/docker.go:587.10,588.11 1 0
github.com/mdshabbir-ali/code-runtime/internal/sandbox/docker.go:589.10,590.14 1 0
github.com/mdshabbir-ali/code-runtime/internal/sandbox/docker.go:591.11,592.18 1 0
github.com/mdshabbir-ali/code-runtime/internal/sandbox/docker.go:595.3,597.17 3 0
github.com/mdshabbir-ali/code-runtime/internal/sandbox/docker.go:597.17,598.21 1 0
github.com/mdshabbir-ali/code-runtime/internal/sandbox/docker.go:598.21,600.5 1 0
github.com/mdshabbir-ali/code-runtime/internal/sandbox/docker.go:601.4,601.23 1 0
github.com/mdshabbir-ali/code-runtime/internal/sandbox/image_pool.go:43.110,51.2 1 0
github.com/mdshabbir-ali/code-runtime/internal/sandbox/image_pool.go:56.55,57.66 1 0
github.com/mdshabbir-ali/code-runtime/internal/sandbox/image_pool.go:57.66,59.3 1 0
github.com/mdshabbir-ali/code-runtime/internal/sandbox/image_pool.go:60.2,60.12 1 0
github.com/mdshabbir-ali/code-runtime/internal/sandbox/image_pool.go:66.72,71.8 4 0
github.com/mdshabbir-ali/code-runtime/internal/sandbox/image_pool.go:71.8,73.3 1 0
github.com/mdshabbir-ali/code-runtime/internal/sandbox/image_pool.go:77.2,78.16 2 0
github.com/mdshabbir-ali/code-runtime/internal/sandbox/image_pool.go:78.16,80.3 1 0
github.com/mdshabbir-ali/code-runtime/internal/sandbox/image_pool.go:81.2,81.13 1 0
github.com/mdshabbir-ali/code-runtime/internal/sandbox/image_pool.go:81.13,84.3 2 0
github.com/mdshabbir-ali/code-runtime/internal/sandbox/image_pool.go:86.2,86.34 1 0
github.com/mdshabbir-ali/code-runtime/internal/sandbox/image_pool.go:91.74,100.44 4 0
github.com/mdshabbir-ali/code-runtime/internal/sandbox/image_pool.go:100.44,102.3 1 0
github.com/mdshabbir-ali/code-runtime/internal/sandbox/image_pool.go:104.2,105.16 2 0
github.com/mdshabbir-ali/code-runtime/internal/sandbox/image_pool.go:105.16,107.3 1 0
github.com/mdshabbir-ali/code-runtime/internal/sandbox/image_pool.go:108.2,113.6 3 0
github.com/mdshabbir-ali/code-runtime/internal/sandbox/image_pool.go:113.6,122.44 2 0
github.com/mdshabbir-ali/code-runtime/internal/sandbox/image_pool.go:122.44,123.21 1 0
github.com/mdshabbir-ali/code-runtime/internal/sandbox/image_pool.go:123.21,124.10 1 0
github.com/mdshabbir-ali/code-runtime/internal/sandbox/image_pool.go:127.4,127.12 1 0
github.com/mdshabbir-ali/code-runtime/internal/sandbox/image_pool.go:129.3,133.4 1 0
github.com/mdshabbir-ali/code-runtime/internal/sandbox/image_pool.go:138.2,138.20 1 0
github.com/mdshabbir-ali/code-runtime/internal/sandbox/image_pool.go:138.20,139.62 1 0
github.com/mdshabbir-ali/code-runtime/internal/sandbox/image_pool.go:139.62,141.4 1 0
github.com/mdshabbir-ali/code-runtime/internal/sandbox/image_pool.go:144.2,146.12 3 0
github.com/mdshabbir-ali/code-runtime/internal/sandbox/image_pool.go:152.79,159.29 3 0
github.com/mdshabbir-ali/code-runtime/internal/sandbox/image_pool.go:159.29,160.21 1 0
github.com/mdshabbir-ali/code-runtime/internal/sandbox/image_pool.go:160.21,162.4 1 0
github.com/mdshabbir-ali/code-runtime/internal/sandbox/image_pool.go:165.2,166.19 2 0
github.com/mdshabbir-ali/code-runtime/internal/sandbox/image_pool.go:166.19,168.19 2 0
github.com/mdshabbir-ali/code-runtime/internal/sandbox/image_pool.go:168.19,174.4 2 0
github.com/mdshabbir-ali/code-runtime/internal/sandbox/image_pool.go:177.2,177.23 1 0
github.com/mdshabbir-ali/code-runtime/internal/sandbox/image_pool.go:177.23,179.30 2 0
github.com/mdshabbir-ali/code-runtime/internal/sandbox/image_pool.go:179.30,181.4 1 0
github.com/mdshabbir-ali/code-runtime/internal/sandbox/image_pool.go:182.3,182.31 1 0
github.com/mdshabbir-ali/code-runtime/internal/sandbox/image_pool.go:184.2,184.12 1 0
github.com/mdshabbir-ali/code-runtime/internal/sandbox/image_pool.go:188.71,192.16 2 0
github.com/mdshabbir-ali/code-runtime/internal/sandbox/image_pool.go:192.16,194.3 1 0
github.com/mdshabbir-ali/code-runtime/internal/sandbox/image_pool.go:196.2,197.30 2 0
github.com/mdshabbir-ali/code-runtime/internal/sandbox/image_pool.go:197.30,199.3 1 0
github.com/mdshabbir-ali/code-runtime/internal/sandbox/image_pool.go:200.2,200.18 1 0
github.com/mdshabbir-ali/code-runtime/internal/sandbox/image_pool.go:205.45,209.2 3 0
github.com/mdshabbir-ali/code-runtime/internal/sandbox/image_pool.go:212.87,214.16 2 0
github.com/mdshabbir-ali/code-runtime/internal/sandbox/image_pool.go:214.16,215.32 1 0
github.com/mdshabbir-ali/code-runtime/internal/sandbox/image_pool.go:215.32,217.4 1 0
github.com/mdshabbir-ali/code-runtime/internal/sandbox/image_pool.go:218.3,218.20 1 0
github.com/mdshabbir-ali/code-runtime/internal/sandbox/image_pool.go:220.2,220.18 1 0
github.com/mdshabbir-ali/code-runtime/internal/sandbox/io.go:19.43,21.2 1 0
github.com/mdshabbir-ali/code-runtime/internal/sandbox/io.go:23.54,25.14 2 0
github.com/mdshabbir-ali/code-runtime/internal/sandbox/io.go:25.14,27.3 1 0
github.com/mdshabbir-ali/code-runtime/internal/sandbox/io.go:28.2,29.20 2 0
github.com/mdshabbir-ali/code-runtime/internal/sandbox/io.go:29.20,31.3 1 0
github.com/mdshabbir-ali/code-runtime/internal/sandbox/io.go:32.2,32.31 1 0
github.com/mdshabbir-ali/code-runtime/internal/sandbox/io.go:32.31,34.3 1 0
github.com/mdshabbir-ali/code-runtime/internal/sandbox/io.go:35.2,37.20 3 0
github.com/mdshabbir-ali/code-runtime/internal/sandbox/io.go:40.41,40.66 1 0
github.com/mdshabbir-ali/code-runtime/internal/sandbox/io.go:43.40,43.64 1 0
github.com/mdshabbir-ali/code-runtime/internal/sandbox/io.go:46.33,49.2 2 0
github.com/mdshabbir-ali/code-runtime/internal/sandbox/io.go:55.74,57.2 1 0
github.com/mdshabbir-ali/code-runtime/internal/sandbox/seccomp.go:181.33,183.16 2 0
github.com/mdshabbir-ali/code-runtime/internal/sandbox/seccomp.go:183.16,185.76 1 0
github.com/mdshabbir-ali/code-runtime/internal/sandbox/seccomp.go:187.2,187.18 1 0
github.com/mdshabbir-ali/code-runtime/internal/sandbox/seccomp.go:192.45,193.63 1 0
github.com/mdshabbir-ali/code-runtime/internal/sandbox/seccomp.go:193.63,195.3 1 0
github.com/mdshabbir-ali/code-runtime/internal/sandbox/seccomp.go:196.2,197.16 2 0
github.com/mdshabbir-ali/code-runtime/internal/sandbox/seccomp.go:197.16,199.3 1 0
github.com/mdshabbir-ali/code-runtime/internal/sandbox/seccomp.go:200.2,200.53 1 0
github.com/mdshabbir-ali/code-runtime/internal/sandbox/seccomp.go:200.53,202.3 1 0
github.com/mdshabbir-ali/code-runtime/internal/sandbox/seccomp.go:203.2,203.12 1 0
github.com/mdshabbir-ali/code-runtime/internal/worker/pool.go:47.35,52.2 1 0
github.com/mdshabbir-ali/code-runtime/internal/worker/pool.go:56.49,58.16 2 0
github.com/mdshabbir-ali/code-runtime/internal/worker/pool.go:58.16,60.3 1 0
github.com/mdshabbir-ali/code-runtime/internal/worker/pool.go:62.2,64.44 2 0
github.com/mdshabbir-ali/code-runtime/internal/worker/pool.go:64.44,66.3 1 0
github.com/mdshabbir-ali/code-runtime/internal/worker/pool.go:69.2,71.17 3 0
github.com/mdshabbir-ali/code-runtime/internal/worker/pool.go:76.29,84.28 7 0
github.com/mdshabbir-ali/code-runtime/internal/worker/pool.go:84.28,86.22 2 0
github.com/mdshabbir-ali/code-runtime/internal/worker/pool.go:86.22,88.35 2 0
github.com/mdshabbir-ali/code-runtime/internal/worker/pool.go:88.35,90.5 1 0
github.com/mdshabbir-ali/code-runtime/internal/worker/pool.go:93.2,95.12 3 0
github.com/mdshabbir-ali/code-runtime/internal/worker/pool.go:101.56,102.12 1 0
github.com/mdshabbir-ali/code-runtime/internal/worker/pool.go:102.12,104.3 1 0
github.com/mdshabbir-ali/code-runtime/internal/worker/pool.go:106.2,111.9 4 0
github.com/mdshabbir-ali/code-runtime/internal/worker/pool.go:112.19,114.32 1 0
github.com/mdshabbir-ali/code-runtime/internal/worker/pool.go:114.32,132.23 4 0
github.com/mdshabbir-ali/code-runtime/internal/worker/pool.go:132.23,133.40 1 0
github.com/mdshabbir-ali/code-runtime/internal/worker/pool.go:133.40,138.6 1 0
github.com/mdshabbir-ali/code-runtime/internal/worker/pool.go:141.4,141.64 1 0
github.com/mdshabbir-ali/code-runtime/internal/worker/pool.go:144.19,148.30 3 0
github.com/mdshabbir-ali/code-runtime/internal/worker/pool.go:148.30,149.23 1 0
github.com/mdshabbir-ali/code-runtime/internal/worker/pool.go:149.23,150.36 1 0
github.com/mdshabbir-ali/code-runtime/internal/worker/pool.go:150.36,155.6 1 0
github.com/mdshabbir-ali/code-runtime/internal/worker/pool.go:157.4,157.66 1 0
github.com/mdshabbir-ali/code-runtime/internal/worker/pool.go:161.2,161.12 1 0
github.com/mdshabbir-ali/code-runtime/internal/worker/pool.go:165.26,169.2 3 0
github.com/mdshabbir-ali/code-runtime/internal/worker/worker.go:70.52,72.22 2 0
github.com/mdshabbir-ali/code-runtime/internal/worker/worker.go:72.22,74.3 1 0
github.com/mdshabbir-ali/code-runtime/internal/worker/worker.go:75.2,76.35 2 0
github.com/mdshabbir-ali/code-runtime/internal/worker/worker.go:76.35,78.3 1 0
github.com/mdshabbir-ali/code-runtime/internal/worker/worker.go:80.2,103.3 5 0
github.com/mdshabbir-ali/code-runtime/internal/worker/worker.go:107.51,109.19 2 0
github.com/mdshabbir-ali/code-runtime/internal/worker/worker.go:109.19,111.3 1 0
github.com/mdshabbir-ali/code-runtime/internal/worker/worker.go:113.2,113.80 1 0
github.com/mdshabbir-ali/code-runtime/internal/worker/worker.go:113.80,115.56 2 0
github.com/mdshabbir-ali/code-runtime/internal/worker/worker.go:115.56,118.4 2 0
github.com/mdshabbir-ali/code-runtime/internal/worker/worker.go:121.3,121.40 1 0
github.com/mdshabbir-ali/code-runtime/internal/worker/worker.go:121.40,124.4 2 0
github.com/mdshabbir-ali/code-runtime/internal/worker/worker.go:127.3,127.10 1 0
github.com/mdshabbir-ali/code-runtime/internal/worker/worker.go:128.19,129.10 1 0
github.com/mdshabbir-ali/code-runtime/internal/worker/worker.go:130.29,132.14 2 0
github.com/mdshabbir-ali/code-runtime/internal/worker/worker.go:132.14,133.18 1 0
github.com/mdshabbir-ali/code-runtime/internal/worker/worker.go:133.18,136.6 2 0
github.com/mdshabbir-ali/code-runtime/internal/worker/worker.go:137.5,139.54 3 0
github.com/mdshabbir-ali/code-runtime/internal/worker/worker.go:139.54,144.6 1 0
github.com/mdshabbir-ali/code-runtime/internal/worker/worker.go:148.2,148.16 1 0
github.com/mdshabbir-ali/code-runtime/internal/worker/worker.go:148.16,150.3 1 0
github.com/mdshabbir-ali/code-runtime/internal/worker/worker.go:152.2,157.12 4 0
github.com/mdshabbir-ali/code-runtime/internal/worker/worker.go:162.31,167.2 4 0
github.com/mdshabbir-ali/code-runtime/internal/worker/worker.go:172.82,174.2 1 0
github.com/mdshabbir-ali/code-runtime/internal/worker/worker.go:179.82,187.91 5 0
github.com/mdshabbir-ali/code-runtime/internal/worker/worker.go:187.91,189.3 1 0
github.com/mdshabbir-ali/code-runtime/internal/worker/worker.go:190.2,196.16 5 0
github.com/mdshabbir-ali/code-runtime/internal/worker/worker.go:196.16,198.3 1 0
github.com/mdshabbir-ali/code-runtime/internal/worker/worker.go:201.2,202.20 2 0
github.com/mdshabbir-ali/code-runtime/internal/worker/worker.go:202.20,203.18 1 0
github.com/mdshabbir-ali/code-runtime/internal/worker/worker.go:203.18,205.4 1 0
github.com/mdshabbir-ali/code-runtime/internal/worker/worker.go:205.9,207.4 1 0
github.com/mdshabbir-ali/code-runtime/internal/worker/worker.go:210.2,220.91 5 0
github.com/mdshabbir-ali/code-runtime/internal/worker/worker.go:220.91,222.35 2 0
github.com/mdshabbir-ali/code-runtime/internal/worker/worker.go:222.35,224.4 1 0
github.com/mdshabbir-ali/code-runtime/internal/worker/worker.go:225.3,226.38 2 0
github.com/mdshabbir-ali/code-runtime/internal/worker/worker.go:226.38,228.4 1 0
github.com/mdshabbir-ali/code-runtime/internal/worker/worker.go:229.3,236.35 3 0
github.com/mdshabbir-ali/code-runtime/internal/worker/worker.go:236.35,238.4 1 0
github.com/mdshabbir-ali/code-runtime/internal/worker/worker.go:239.3,239.19 1 0
github.com/mdshabbir-ali/code-runtime/internal/worker/worker.go:239.19,241.4 1 0
github.com/mdshabbir-ali/code-runtime/internal/worker/worker.go:242.3,250.18 2 0
github.com/mdshabbir-ali/code-runtime/internal/worker/worker.go:251.8,253.3 1 0
github.com/mdshabbir-ali/code-runtime/internal/worker/worker.go:255.2,255.41 1 0
github.com/mdshabbir-ali/code-runtime/internal/worker/worker.go:255.41,257.3 1 0
github.com/mdshabbir-ali/code-runtime/internal/worker/worker.go:258.2,258.23 1 0
github.com/mdshabbir-ali/code-runtime/internal/worker/worker.go:258.23,260.3 1 0
github.com/mdshabbir-ali/code-runtime/internal/worker/worker.go:263.2,287.38 8 0
github.com/mdshabbir-ali/code-runtime/internal/worker/worker.go:287.38,289.3 1 0
github.com/mdshabbir-ali/code-runtime/internal/worker/worker.go:292.2,293.58 2 0
github.com/mdshabbir-ali/code-runtime/internal/worker/worker.go:293.58,295.3 1 0
github.com/mdshabbir-ali/code-runtime/internal/worker/worker.go:298.2,304.27 3 0
github.com/mdshabbir-ali/code-runtime/internal/worker/worker.go:304.27,306.3 1 0
github.com/mdshabbir-ali/code-runtime/internal/worker/worker.go:309.2,313.22 3 0
github.com/mdshabbir-ali/code-runtime/internal/worker/worker.go:313.22,315.3 1 0
github.com/mdshabbir-ali/code-runtime/internal/worker/worker.go:317.2,319.23 3 0
github.com/mdshabbir-ali/code-runtime/internal/worker/worker.go:319.23,322.3 2 0
github.com/mdshabbir-ali/code-runtime/internal/worker/worker.go:324.2,329.12 2 0
github.com/mdshabbir-ali/code-runtime/internal/worker/worker.go:334.117,343.2 1 0
github.com/mdshabbir-ali/code-runtime/internal/worker/worker.go:345.115,363.22 9 0
github.com/mdshabbir-ali/code-runtime/internal/worker/worker.go:363.22,365.3 1 0
github.com/mdshabbir-ali/code-runtime/internal/worker/worker.go:366.2,367.77 2 0
github.com/mdshabbir-ali/code-runtime/internal/worker/worker.go:373.68,374.19 1 0
github.com/mdshabbir-ali/code-runtime/internal/worker/worker.go:374.19,376.3 1 0
github.com/mdshabbir-ali/code-runtime/internal/worker/worker.go:377.2,378.16 2 0
github.com/mdshabbir-ali/code-runtime/internal/worker/worker.go:378.16,381.3 2 0
github.com/mdshabbir-ali/code-runtime/internal/worker/worker.go:382.2,382.25 1 0
github.com/mdshabbir-ali/code-runtime/internal/worker/worker.go:382.25,384.3 1 0
github.com/mdshabbir-ali/code-runtime/internal/worker/worker.go:385.2,385.54 1 0
github.com/mdshabbir-ali/code-runtime/internal/worker/worker.go:385.54,388.3 2 0
github.com/mdshabbir-ali/code-runtime/internal/worker/worker.go:389.2,394.12 3 0
github.com/mdshabbir-ali/code-runtime/internal/worker/worker.go:394.12,398.76 4 0
github.com/mdshabbir-ali/code-runtime/internal/worker/worker.go:398.76,401.4 1 0
github.com/mdshabbir-ali/code-runtime/internal/worker/worker.go:405.86,413.58 2 0
github.com/mdshabbir-ali/code-runtime/internal/worker/worker.go:413.58,415.3 1 0
github.com/mdshabbir-ali/code-runtime/internal/worker/worker.go:422.84,423.23 1 0
github.com/mdshabbir-ali/code-runtime/internal/worker/worker.go:423.23,425.3 1 0
github.com/mdshabbir-ali/code-runtime/internal/worker/worker.go:426.2,426.59 1 0
github.com/mdshabbir-ali/code-runtime/internal/worker/worker.go:426.59,428.3 1 0
github.com/mdshabbir-ali/code-runtime/internal/worker/worker.go:431.103,433.42 2 0
github.com/mdshabbir-ali/code-runtime/internal/worker/worker.go:433.42,435.3 1 0
github.com/mdshabbir-ali/code-runtime/internal/worker/worker.go:438.2,446.67 2 0
github.com/mdshabbir-ali/code-runtime/internal/worker/worker.go:446.67,448.3 1 0
github.com/mdshabbir-ali/code-runtime/internal/worker/worker.go:451.116,465.16 3 0
github.com/mdshabbir-ali/code-runtime/internal/worker/worker.go:465.16,468.3 2 0
github.com/mdshabbir-ali/code-runtime/internal/worker/worker.go:469.2,470.16 2 0
github.com/mdshabbir-ali/code-runtime/internal/worker/worker.go:470.16,473.3 2 0
github.com/mdshabbir-ali/code-runtime/internal/worker/worker.go:474.2,475.28 2 0
github.com/mdshabbir-ali/code-runtime/internal/worker/worker.go:475.28,480.3 1 0
github.com/mdshabbir-ali/code-runtime/internal/worker/worker.go:487.80,488.20 1 0
github.com/mdshabbir-ali/code-runtime/internal/worker/worker.go:489.39,490.40 1 0
github.com/mdshabbir-ali/code-runtime/internal/worker/worker.go:491.38,492.39 1 0
github.com/mdshabbir-ali/code-runtime/internal/worker/worker.go:493.34,494.35 1 0
github.com/mdshabbir-ali/code-runtime/internal/worker/worker.go:495.35,496.36 1 0
github.com/mdshabbir-ali/code-runtime/internal/worker/worker.go:499.2,499.23 1 0
github.com/mdshabbir-ali/code-runtime/internal/worker/worker.go:499.23,501.3 1 0
github.com/mdshabbir-ali/code-runtime/internal/worker/worker.go:504.2,504.26 1 0
github.com/mdshabbir-ali/code-runtime/internal/worker/worker.go:504.26,507.25 3 0
github.com/mdshabbir-ali/code-runtime/internal/worker/worker.go:507.25,509.4 1 0
github.com/mdshabbir-ali/code-runtime/internal/worker/worker.go:512.2,512.30 1 0
github.com/mdshabbir-ali/code-runtime/internal/worker/worker.go:521.67,538.2 2 0
github.com/mdshabbir-ali/code-runtime/internal/worker/worker.go:547.29,563.22 6 0
github.com/mdshabbir-ali/code-runtime/internal/worker/worker.go:563.22,565.3 1 0
github.com/mdshabbir-ali/code-runtime/internal/worker/worker.go:566.2,566.22 1 0
github.com/mdshabbir-ali/code-runtime/internal/worker/worker.go:566.22,568.3 1 0
github.com/mdshabbir-ali/code-runtime/internal/worker/worker.go:569.2,569.29 1 0
github.com/mdshabbir-ali/code-runtime/internal/worker/worker.go:569.29,571.3 1 0
github.com/mdshabbir-ali/code-runtime/internal/worker/worker.go:572.2,572.18 1 0
github.com/mdshabbir-ali/code-runtime/internal/worker/worker.go:572.18,574.3 1 0
github.com/mdshabbir-ali/code-runtime/internal/worker/worker.go:575.2,575.17 1 0
github.com/mdshabbir-ali/code-runtime/internal/worker/worker.go:575.17,577.3 1 0
github.com/mdshabbir-ali/code-runtime/internal/worker/worker.go:578.2,578.15 1 0
github.com/mdshabbir-ali/code-runtime/internal/worker/worker.go:578.15,580.3 1 0
github.com/mdshabbir-ali/code-runtime/internal/worker/worker.go:581.2,581.13 1 0
github.com/mdshabbir-ali/code-runtime/internal/worker/worker.go:585.31,585.44 1 0
github.com/mdshabbir-ali/code-runtime/internal/tracing/tracing.go:27.67,28.26 1 0
github.com/mdshabbir-ali/code-runtime/internal/tracing/tracing.go:28.26,31.3 2 0
github.com/mdshabbir-ali/code-runtime/internal/tracing/tracing.go:33.2,43.14 4 0
github.com/mdshabbir-ali/code-runtime/internal/tracing/tracing.go:43.14,45.3 1 0
github.com/mdshabbir-ali/code-runtime/internal/tracing/tracing.go:47.2,48.16 2 0
github.com/mdshabbir-ali/code-runtime/internal/tracing/tracing.go:48.16,50.3 1 0
github.com/mdshabbir-ali/code-runtime/internal/tracing/tracing.go:52.2,59.16 2 0
github.com/mdshabbir-ali/code-runtime/internal/tracing/tracing.go:59.16,63.17 2 0
github.com/mdshabbir-ali/code-runtime/internal/tracing/tracing.go:63.17,68.4 1 0
github.com/mdshabbir-ali/code-runtime/internal/tracing/tracing.go:71.2,88.41 5 0
github.com/mdshabbir-ali/code-runtime/internal/tracing/tracing.go:92.56,93.17 1 0
github.com/mdshabbir-ali/code-runtime/internal/tracing/tracing.go:93.17,95.3 1 0
github.com/mdshabbir-ali/code-runtime/internal/tracing/tracing.go:96.2,96.43 1 0
github.com/mdshabbir-ali/code-runtime/internal/tracing/tracing.go:96.43,98.3 1 0
github.com/mdshabbir-ali/code-runtime/internal/tracing/tracing.go:99.2,100.12 2 0
github.com/mdshabbir-ali/code-runtime/internal/tracing/tracing.go:107.66,109.9 2 0
github.com/mdshabbir-ali/code-runtime/internal/tracing/tracing.go:110.41,111.74 1 0
github.com/mdshabbir-ali/code-runtime/internal/tracing/tracing.go:112.42,113.79 1 0
github.com/mdshabbir-ali/code-runtime/internal/tracing/tracing.go:114.10,115.47 1 0
github.com/mdshabbir-ali/code-runtime/internal/queue/sqs/client.go:39.83,41.22 2 0
github.com/mdshabbir-ali/code-runtime/internal/queue/sqs/client.go:41.22,43.3 1 0
github.com/mdshabbir-ali/code-runtime/internal/queue/sqs/client.go:45.2,46.16 2 0
github.com/mdshabbir-ali/code-runtime/internal/queue/sqs/client.go:46.16,48.3 1 0
github.com/mdshabbir-ali/code-runtime/internal/queue/sqs/client.go:50.2,50.56 1 0
github.com/mdshabbir-ali/code-runtime/internal/queue/sqs/client.go:50.56,51.25 1 0
github.com/mdshabbir-ali/code-runtime/internal/queue/sqs/client.go:51.25,53.4 1 0
github.com/mdshabbir-ali/code-runtime/internal/queue/sqs/consumer.go:48.103,49.16 1 0
github.com/mdshabbir-ali/code-runtime/internal/queue/sqs/consumer.go:49.16,51.3 1 0
github.com/mdshabbir-ali/code-runtime/internal/queue/sqs/consumer.go:52.2,53.22 2 0
github.com/mdshabbir-ali/code-runtime/internal/queue/sqs/consumer.go:53.22,55.3 1 0
github.com/mdshabbir-ali/code-runtime/internal/queue/sqs/consumer.go:56.2,57.28 2 0
github.com/mdshabbir-ali/code-runtime/internal/queue/sqs/consumer.go:57.28,59.3 1 0
github.com/mdshabbir-ali/code-runtime/internal/queue/sqs/consumer.go:60.2,61.13 2 0
github.com/mdshabbir-ali/code-runtime/internal/queue/sqs/consumer.go:61.13,63.3 1 0
github.com/mdshabbir-ali/code-runtime/internal/queue/sqs/consumer.go:64.2,74.3 1 0
github.com/mdshabbir-ali/code-runtime/internal/queue/sqs/consumer.go:78.79,85.6 2 0
github.com/mdshabbir-ali/code-runtime/internal/queue/sqs/consumer.go:85.6,86.10 1 0
github.com/mdshabbir-ali/code-runtime/internal/queue/sqs/consumer.go:87.21,89.14 2 0
github.com/mdshabbir-ali/code-runtime/internal/queue/sqs/consumer.go:90.19,92.14 2 0
github.com/mdshabbir-ali/code-runtime/internal/queue/sqs/consumer.go:93.11,93.11 0 0
github.com/mdshabbir-ali/code-runtime/internal/queue/sqs/consumer.go:97.3,97.26 1 0
github.com/mdshabbir-ali/code-runtime/internal/queue/sqs/consumer.go:97.26,98.90 1 0
github.com/mdshabbir-ali/code-runtime/internal/queue/sqs/consumer.go:98.90,99.13 1 0
github.com/mdshabbir-ali/code-runtime/internal/queue/sqs/consumer.go:102.3,102.60 1 0
github.com/mdshabbir-ali/code-runtime/internal/queue/sqs/consumer.go:107.33,108.19 1 0
github.com/mdshabbir-ali/code-runtime/internal/queue/sqs/consumer.go:108.19,108.38 1 0
github.com/mdshabbir-ali/code-runtime/internal/queue/sqs/consumer.go:109.2,111.12 3 0
github.com/mdshabbir-ali/code-runtime/internal/queue/sqs/consumer.go:116.119,117.20 1 0
github.com/mdshabbir-ali/code-runtime/internal/queue/sqs/consumer.go:117.20,119.3 1 0
github.com/mdshabbir-ali/code-runtime/internal/queue/sqs/consumer.go:120.2,127.16 2 0
github.com/mdshabbir-ali/code-runtime/internal/queue/sqs/consumer.go:127.16,128.10 1 0
github.com/mdshabbir-ali/code-runtime/internal/queue/sqs/consumer.go:129.21,129.21 0 0
github.com/mdshabbir-ali/code-runtime/internal/queue/sqs/consumer.go:130.19,130.19 0 0
github.com/mdshabbir-ali/code-runtime/internal/queue/sqs/consumer.go:131.11,132.82 1 0
github.com/mdshabbir-ali/code-runtime/internal/queue/sqs/consumer.go:134.3,134.11 1 0
github.com/mdshabbir-ali/code-runtime/internal/queue/sqs/consumer.go:137.2,137.30 1 0
github.com/mdshabbir-ali/code-runtime/internal/queue/sqs/consumer.go:137.30,139.10 2 0
github.com/mdshabbir-ali/code-runtime/internal/queue/sqs/consumer.go:140.21,141.28 1 0
github.com/mdshabbir-ali/code-runtime/internal/queue/sqs/consumer.go:142.19,143.28 1 0
github.com/mdshabbir-ali/code-runtime/internal/queue/sqs/consumer.go:144.28,144.28 0 0
github.com/mdshabbir-ali/code-runtime/internal/queue/sqs/consumer.go:146.3,147.13 2 0
github.com/mdshabbir-ali/code-runtime/internal/queue/sqs/consumer.go:147.13,149.17 2 0
github.com/mdshabbir-ali/code-runtime/internal/queue/sqs/consumer.go:149.17,149.28 1 0
github.com/mdshabbir-ali/code-runtime/internal/queue/sqs/consumer.go:150.4,150.42 1 0
github.com/mdshabbir-ali/code-runtime/internal/queue/sqs/consumer.go:153.2,153.26 1 0
github.com/mdshabbir-ali/code-runtime/internal/queue/sqs/consumer.go:158.111,160.16 2 0
github.com/mdshabbir-ali/code-runtime/internal/queue/sqs/consumer.go:160.16,164.3 3 0
github.com/mdshabbir-ali/code-runtime/internal/queue/sqs/consumer.go:166.2,167.16 2 0
github.com/mdshabbir-ali/code-runtime/internal/queue/sqs/consumer.go:167.16,173.3 3 0
github.com/mdshabbir-ali/code-runtime/internal/queue/sqs/consumer.go:175.2,175.35 1 0
github.com/mdshabbir-ali/code-runtime/internal/queue/sqs/consumer.go:176.18,177.45 1 0
github.com/mdshabbir-ali/code-runtime/internal/queue/sqs/consumer.go:178.24,182.45 2 0
github.com/mdshabbir-ali/code-runtime/internal/queue/sqs/consumer.go:183.10,186.32 2 0
github.com/mdshabbir-ali/code-runtime/internal/queue/sqs/consumer.go:191.82,195.17 1 0
github.com/mdshabbir-ali/code-runtime/internal/queue/sqs/consumer.go:195.17,197.3 1 0
github.com/mdshabbir-ali/code-runtime/internal/queue/sqs/consumer.go:203.85,209.17 2 0
github.com/mdshabbir-ali/code-runtime/internal/queue/sqs/consumer.go:209.17,211.3 1 0
github.com/mdshabbir-ali/code-runtime/internal/queue/sqs/consumer.go:215.47,216.17 1 0
github.com/mdshabbir-ali/code-runtime/internal/queue/sqs/consumer.go:216.17,218.3 1 0
github.com/mdshabbir-ali/code-runtime/internal/queue/sqs/consumer.go:219.2,220.58 2 0
github.com/mdshabbir-ali/code-runtime/internal/queue/sqs/consumer.go:220.58,222.3 1 0
github.com/mdshabbir-ali/code-runtime/internal/queue/sqs/consumer.go:223.2,223.19 1 0
github.com/mdshabbir-ali/code-runtime/internal/queue/sqs/consumer.go:223.19,225.3 1 0
github.com/mdshabbir-ali/code-runtime/internal/queue/sqs/consumer.go:226.2,226.21 1 0
github.com/mdshabbir-ali/code-runtime/internal/queue/sqs/consumer.go:230.42,231.51 1 0
github.com/mdshabbir-ali/code-runtime/internal/queue/sqs/consumer.go:231.51,232.44 1 0
github.com/mdshabbir-ali/code-runtime/internal/queue/sqs/consumer.go:232.44,234.4 1 0
github.com/mdshabbir-ali/code-runtime/internal/queue/sqs/consumer.go:236.2,236.10 1 0
github.com/mdshabbir-ali/code-runtime/internal/queue/sqs/consumer.go:240.39,241.9 1 0
github.com/mdshabbir-ali/code-runtime/internal/queue/sqs/consumer.go:242.23,243.12 1 0
github.com/mdshabbir-ali/code-runtime/internal/queue/sqs/consumer.go:244.23,245.12 1 0
github.com/mdshabbir-ali/code-runtime/internal/queue/sqs/consumer.go:246.10,247.12 1 0
github.com/mdshabbir-ali/code-runtime/internal/queue/sqs/consumer.go:252.34,255.2 2 0
github.com/mdshabbir-ali/code-runtime/internal/queue/sqs/dlq.go:34.107,35.16 1 0
github.com/mdshabbir-ali/code-runtime/internal/queue/sqs/dlq.go:35.16,37.3 1 0
github.com/mdshabbir-ali/code-runtime/internal/queue/sqs/dlq.go:38.2,39.28 2 0
github.com/mdshabbir-ali/code-runtime/internal/queue/sqs/dlq.go:39.28,41.3 1 0
github.com/mdshabbir-ali/code-runtime/internal/queue/sqs/dlq.go:42.2,48.3 1 0
github.com/mdshabbir-ali/code-runtime/internal/queue/sqs/dlq.go:52.55,53.20 1 0
github.com/mdshabbir-ali/code-runtime/internal/queue/sqs/dlq.go:53.20,57.3 3 0
github.com/mdshabbir-ali/code-runtime/internal/queue/sqs/dlq.go:58.2,60.6 2 0
github.com/mdshabbir-ali/code-runtime/internal/queue/sqs/dlq.go:60.6,61.10 1 0
github.com/mdshabbir-ali/code-runtime/internal/queue/sqs/dlq.go:62.21,63.20 1 0
github.com/mdshabbir-ali/code-runtime/internal/queue/sqs/dlq.go:64.11,64.11 0 0
github.com/mdshabbir-ali/code-runtime/internal/queue/sqs/dlq.go:67.3,72.17 2 0
github.com/mdshabbir-ali/code-runtime/internal/queue/sqs/dlq.go:72.17,73.11 1 0
github.com/mdshabbir-ali/code-runtime/internal/queue/sqs/dlq.go:74.22,75.21 1 0
github.com/mdshabbir-ali/code-runtime/internal/queue/sqs/dlq.go:76.12,77.56 1 0
github.com/mdshabbir-ali/code-runtime/internal/queue/sqs/dlq.go:79.4,79.12 1 0
github.com/mdshabbir-ali/code-runtime/internal/queue/sqs/dlq.go:81.3,81.31 1 0
github.com/mdshabbir-ali/code-runtime/internal/queue/sqs/dlq.go:81.31,83.4 1 0
github.com/mdshabbir-ali/code-runtime/internal/queue/sqs/dlq.go:88.69,90.16 2 0
github.com/mdshabbir-ali/code-runtime/internal/queue/sqs/dlq.go:90.16,94.3 3 0
github.com/mdshabbir-ali/code-runtime/internal/queue/sqs/dlq.go:95.2,95.21 1 0
github.com/mdshabbir-ali/code-runtime/internal/queue/sqs/dlq.go:95.21,96.57 1 0
github.com/mdshabbir-ali/code-runtime/internal/queue/sqs/dlq.go:96.57,101.4 2 0
github.com/mdshabbir-ali/code-runtime/internal/queue/sqs/dlq.go:103.2,104.77 2 0
github.com/mdshabbir-ali/code-runtime/internal/queue/sqs/dlq.go:108.67,112.17 1 0
github.com/mdshabbir-ali/code-runtime/internal/queue/sqs/dlq.go:112.17,114.3 1 0
github.com/mdshabbir-ali/code-runtime/internal/queue/sqs/dlq.go:119.83,124.16 2 0
github.com/mdshabbir-ali/code-runtime/internal/queue/sqs/dlq.go:124.16,126.3 1 0
github.com/mdshabbir-ali/code-runtime/internal/queue/sqs/dlq.go:127.2,129.22 3 0
github.com/mdshabbir-ali/code-runtime/internal/queue/sqs/dlq.go:129.22,130.25 1 0
github.com/mdshabbir-ali/code-runtime/internal/queue/sqs/dlq.go:130.25,132.4 1 0
github.com/mdshabbir-ali/code-runtime/internal/queue/sqs/dlq.go:133.3,133.26 1 0
github.com/mdshabbir-ali/code-runtime/internal/queue/sqs/dlq.go:135.2,135.15 1 0
github.com/mdshabbir-ali/code-runtime/internal/queue/sqs/publisher.go:32.81,33.16 1 0
github.com/mdshabbir-ali/code-runtime/internal/queue/sqs/publisher.go:33.16,35.3 1 0
github.com/mdshabbir-ali/code-runtime/internal/queue/sqs/publisher.go:36.2,41.3 1 0
github.com/mdshabbir-ali/code-runtime/internal/queue/sqs/publisher.go:45.85,47.2 1 0
github.com/mdshabbir-ali/code-runtime/internal/queue/sqs/publisher.go:51.93,53.15 2 0
github.com/mdshabbir-ali/code-runtime/internal/queue/sqs/publisher.go:53.15,55.3 1 0
github.com/mdshabbir-ali/code-runtime/internal/queue/sqs/publisher.go:56.2,56.30 1 0
github.com/mdshabbir-ali/code-runtime/internal/queue/sqs/publisher.go:61.90,62.62 1 0
github.com/mdshabbir-ali/code-runtime/internal/queue/sqs/publisher.go:62.62,64.22 2 0
github.com/mdshabbir-ali/code-runtime/internal/queue/sqs/publisher.go:64.22,66.4 1 0
github.com/mdshabbir-ali/code-runtime/internal/queue/sqs/publisher.go:67.3,67.59 1 0
github.com/mdshabbir-ali/code-runtime/internal/queue/sqs/publisher.go:67.59,69.4 1 0
github.com/mdshabbir-ali/code-runtime/internal/queue/sqs/publisher.go:71.2,71.12 1 0
github.com/mdshabbir-ali/code-runtime/internal/queue/sqs/publisher.go:75.30,75.31 0 0
github.com/mdshabbir-ali/code-runtime/internal/queue/sqs/publisher.go:78.96,79.20 1 0
github.com/mdshabbir-ali/code-runtime/internal/queue/sqs/publisher.go:79.20,81.3 1 0
github.com/mdshabbir-ali/code-runtime/internal/queue/sqs/publisher.go:82.2,83.16 2 0
github.com/mdshabbir-ali/code-runtime/internal/queue/sqs/publisher.go:83.16,85.3 1 0
github.com/mdshabbir-ali/code-runtime/internal/queue/sqs/publisher.go:86.2,90.16 2 0
github.com/mdshabbir-ali/code-runtime/internal/queue/sqs/publisher.go:90.16,92.3 1 0
github.com/mdshabbir-ali/code-runtime/internal/queue/sqs/publisher.go:93.2,95.12 2 0
github.com/mdshabbir-ali/code-runtime/internal/queue/sqs/publisher.go:99.87,100.21 1 0
github.com/mdshabbir-ali/code-runtime/internal/queue/sqs/publisher.go:100.21,102.3 1 0
github.com/mdshabbir-ali/code-runtime/internal/queue/sqs/publisher.go:103.2,104.27 2 0
github.com/mdshabbir-ali/code-runtime/internal/queue/sqs/publisher.go:104.27,106.17 2 0
github.com/mdshabbir-ali/code-runtime/internal/queue/sqs/publisher.go:106.17,108.4 1 0
github.com/mdshabbir-ali/code-runtime/internal/queue/sqs/publisher.go:109.3,114.5 3 0
github.com/mdshabbir-ali/code-runtime/internal/queue/sqs/publisher.go:117.2,121.16 2 0
github.com/mdshabbir-ali/code-runtime/internal/queue/sqs/publisher.go:121.16,123.3 1 0
github.com/mdshabbir-ali/code-runtime/internal/queue/sqs/publisher.go:124.2,124.25 1 0
github.com/mdshabbir-ali/code-runtime/internal/queue/sqs/publisher.go:124.25,127.3 2 0
github.com/mdshabbir-ali/code-runtime/internal/queue/sqs/publisher.go:128.2,128.12 1 0
github.com/mdshabbir-ali/code-runtime/internal/queue/sqs/publisher.go:132.46,134.16 2 0
github.com/mdshabbir-ali/code-runtime/internal/queue/sqs/publisher.go:134.16,136.3 1 0
github.com/mdshabbir-ali/code-runtime/internal/queue/sqs/publisher.go:137.2,137.23 1 0
github.com/mdshabbir-ali/code-runtime/internal/queue/sqs/publisher.go:141.31,142.14 1 0
github.com/mdshabbir-ali/code-runtime/internal/queue/sqs/publisher.go:142.14,144.3 1 0
github.com/mdshabbir-ali/code-runtime/internal/queue/sqs/publisher.go:145.2,145.11 1 0
github.com/mdshabbir-ali/code-runtime/internal/queue/sqs/start_consumer.go:40.116,41.16 1 0
github.com/mdshabbir-ali/code-runtime/internal/queue/sqs/start_consumer.go:41.16,43.3 1 0
github.com/mdshabbir-ali/code-runtime/internal/queue/sqs/start_consumer.go:44.2,45.28 2 0
github.com/mdshabbir-ali/code-runtime/internal/queue/sqs/start_consumer.go:45.28,47.3 1 0
github.com/mdshabbir-ali/code-runtime/internal/queue/sqs/start_consumer.go:48.2,49.13 2 0
github.com/mdshabbir-ali/code-runtime/internal/queue/sqs/start_consumer.go:49.13,51.3 1 0
github.com/mdshabbir-ali/code-runtime/internal/queue/sqs/start_consumer.go:52.2,61.3 1 0
github.com/mdshabbir-ali/code-runtime/internal/queue/sqs/start_consumer.go:66.58,67.22 1 0
github.com/mdshabbir-ali/code-runtime/internal/queue/sqs/start_consumer.go:67.22,71.3 3 0
github.com/mdshabbir-ali/code-runtime/internal/queue/sqs/start_consumer.go:72.2,74.6 2 0
github.com/mdshabbir-ali/code-runtime/internal/queue/sqs/start_consumer.go:74.6,75.10 1 0
github.com/mdshabbir-ali/code-runtime/internal/queue/sqs/start_consumer.go:76.21,78.14 2 0
github.com/mdshabbir-ali/code-runtime/internal/queue/sqs/start_consumer.go:79.19,81.14 2 0
github.com/mdshabbir-ali/code-runtime/internal/queue/sqs/start_consumer.go:82.11,82.11 0 0
github.com/mdshabbir-ali/code-runtime/internal/queue/sqs/start_consumer.go:84.3,84.28 1 0
github.com/mdshabbir-ali/code-runtime/internal/queue/sqs/start_consumer.go:89.38,90.19 1 0
github.com/mdshabbir-ali/code-runtime/internal/queue/sqs/start_consumer.go:90.19,90.38 1 0
github.com/mdshabbir-ali/code-runtime/internal/queue/sqs/start_consumer.go:91.2,93.12 3 0
github.com/mdshabbir-ali/code-runtime/internal/queue/sqs/start_consumer.go:96.65,104.16 2 0
github.com/mdshabbir-ali/code-runtime/internal/queue/sqs/start_consumer.go:104.16,105.10 1 0
github.com/mdshabbir-ali/code-runtime/internal/queue/sqs/start_consumer.go:106.21,106.21 0 0
github.com/mdshabbir-ali/code-runtime/internal/queue/sqs/start_consumer.go:107.19,107.19 0 0
github.com/mdshabbir-ali/code-runtime/internal/queue/sqs/start_consumer.go:108.11,109.57 1 0
github.com/mdshabbir-ali/code-runtime/internal/queue/sqs/start_consumer.go:111.3,111.9 1 0
github.com/mdshabbir-ali/code-runtime/internal/queue/sqs/start_consumer.go:114.2,114.30 1 0
github.com/mdshabbir-ali/code-runtime/internal/queue/sqs/start_consumer.go:114.30,116.10 2 0
github.com/mdshabbir-ali/code-runtime/internal/queue/sqs/start_consumer.go:117.21,118.10 1 0
github.com/mdshabbir-ali/code-runtime/internal/queue/sqs/start_consumer.go:119.19,120.10 1 0
github.com/mdshabbir-ali/code-runtime/internal/queue/sqs/start_consumer.go:121.28,121.28 0 0
github.com/mdshabbir-ali/code-runtime/internal/queue/sqs/start_consumer.go:123.3,124.13 2 0
github.com/mdshabbir-ali/code-runtime/internal/queue/sqs/start_consumer.go:124.13,126.17 2 0
github.com/mdshabbir-ali/code-runtime/internal/queue/sqs/start_consumer.go:126.17,126.28 1 0
github.com/mdshabbir-ali/code-runtime/internal/queue/sqs/start_consumer.go:127.4,127.23 1 0
github.com/mdshabbir-ali/code-runtime/internal/queue/sqs/start_consumer.go:132.73,134.16 2 0
github.com/mdshabbir-ali/code-runtime/internal/queue/sqs/start_consumer.go:134.16,138.3 3 0
github.com/mdshabbir-ali/code-runtime/internal/queue/sqs/start_consumer.go:139.2,139.48 1 0
github.com/mdshabbir-ali/code-runtime/internal/queue/sqs/start_consumer.go:139.48,144.3 3 0
github.com/mdshabbir-ali/code-runtime/internal/queue/sqs/start_consumer.go:145.2,146.86 2 0
github.com/mdshabbir-ali/code-runtime/internal/queue/sqs/start_consumer.go:149.70,153.17 1 0
github.com/mdshabbir-ali/code-runtime/internal/queue/sqs/start_consumer.go:153.17,155.3 1 0
github.com/mdshabbir-ali/code-runtime/internal/queue/sqs/start_consumer.go:160.73,165.17 1 0
github.com/mdshabbir-ali/code-runtime/internal/queue/sqs/start_consumer.go:165.17,167.3 1 0
github.com/mdshabbir-ali/code-runtime/internal/queue/sqs/start_consumer.go:171.52,172.17 1 0
github.com/mdshabbir-ali/code-runtime/internal/queue/sqs/start_consumer.go:172.17,174.3 1 0
github.com/mdshabbir-ali/code-runtime/internal/queue/sqs/start_consumer.go:175.2,176.58 2 0
github.com/mdshabbir-ali/code-runtime/internal/queue/sqs/start_consumer.go:176.58,178.3 1 0
github.com/mdshabbir-ali/code-runtime/internal/queue/sqs/start_consumer.go:179.2,180.14 2 0
github.com/mdshabbir-ali/code-runtime/internal/queue/sqs/start_consumer.go:180.14,182.3 1 0
github.com/mdshabbir-ali/code-runtime/internal/queue/sqs/start_consumer.go:183.2,183.16 1 0
